x	y	new_x	new_y	pixel_x	pixel_yselected
2	2	1.8957058993252838	1.935720632742117	5177	2474	0
3	2	2.751240539550781	1.956189404736768	5792	2490	0
4	2	3.9096489646218036	1.9012928180866413	6627	2449	0
5	2	4.921164495294744	1.9116918202993032	7356	2458	0
6	2	5.877726190740412	1.9402085725251619	8045	2474	0
7	2	6.952307683771308	1.885589668342659	8823	2433	0
8	2	7.839797696200285	1.903923240867821	9462	2449	0
9	2	8.91445478959517	1.8608212857633024	10240	2417	0
10	2	9.820833795720882	1.8779217831723325	10887	2433	0
11	2	10.81133866743608	1.8560178602063977	11600	2417	0
12	2	12.06780145818537	1.9565939001134924	12509	2490	0
13	2	12.978820523348723	1.9119753450960726	13165	2458	0
14	2	13.88627596768466	1.913664809218398	13820	2458	0
15	2	15.021040205522018	1.9051473806570243	14639	2449	0
16	2	15.946625865589489	1.9252989485457137	15303	2466	0
17	2	17.01399064497514	1.9085709855363175	16073	2449	0
18	2	18.03503251509233	1.9066117432740357	16810	2449	0
19	2	18.980084228515626	1.879540795678491	17490	2433	0
20	2	19.97560369318182	1.8635582451347832	18211	2417	0
21	2	20.90982998934659	1.8769224012220227	18883	2433	0
22	2	21.936163884943184	1.8403483897716075	19620	2400	0
23	2	23.179832874644887	1.931060859748909	20521	2466	0
24	2	24.0982177734375	1.914579305562887	21185	2458	0
25	2	24.989189564098012	1.8938940237234305	21823	2441	0
26	2	26.064260031960227	1.9034156455649986	22602	2449	0
27	2	27.119577303799716	1.8638314599389427	23364	2417	0
28	2	28.156761585582387	1.8973066312772733	24109	2441	0
29	2	29.10638816139915	1.8749449446394637	24789	2425	0
30	2	30.081793767755684	1.843447917216533	25494	2408	0
31	2	31.12320057262074	1.837851653227935	26247	2400	0
32	2	32.057862437855114	1.84433938791086	26919	2408	0
2	3	1.818499200994318	2.941028079471073	5120	3203	0
3	3	2.8220295299183236	2.9184199840098892	5841	3187	0
4	3	3.892262961647727	2.914214538024353	6619	3187	0
5	3	4.88350996537642	2.924902220030089	7332	3195	0
6	3	5.889858315207741	2.902788316881335	8053	3178	0
7	3	6.952234164151279	2.8890887423678566	8823	3162	0
8	3	7.839116599343041	2.8997382774009366	9462	3170	0
9	3	8.860057206587358	2.875010103792758	10199	3154	0
10	3	9.858011141690342	2.8720133326075103	10920	3154	0
11	3	10.804240556196733	2.8633000141865503	11600	3146	0
12	3	12.067551768909802	2.9405366364900063	12509	3203	0
13	3	12.994806185635655	2.9373601277669277	13181	3203	0
14	3	13.86973544034091	2.927227467030019	13812	3195	0
15	3	15.007034024325286	2.8951300543707776	14631	3170	0
16	3	15.971037153764206	2.9151757730020065	15327	3187	0
17	3	17.04441805752841	2.8628181938652526	16097	3146	0
18	3	18.019551780007102	2.889664039955483	16802	3170	0
19	3	19.011095636541196	2.8679704408387887	17514	3154	0
20	3	19.922528076171876	2.853558102169553	18170	3138	0
21	3	20.998483553799716	2.860473014212944	18948	3146	0
22	3	21.889247270063922	2.89248072993648	19587	3170	0
23	3	23.175607577237216	2.943116883973818	20521	3203	0
24	3	24.10629383433949	2.928483911462733	21185	3195	0
25	3	24.990757057883524	2.9179013913816165	21823	3187	0
26	3	26.088466020063922	2.9142702119844457	22618	3187	0
27	3	27.090460759943184	2.8692626265792165	23339	3154	0
28	3	28.1187255859375	2.8793451120187576	24084	3162	0
29	3	29.17324940074574	2.863576665654913	24838	3146	0
30	3	30.0914345481179	2.837273812508798	25502	3129	0
31	3	31.09249988902699	2.826862438305005	26223	3121	0
32	3	32.04332774769176	2.853348809319574	26911	3138	0
2	4	1.8963758988813917	3.9467152775944894	5177	3932	0
3	4	2.7339280561967327	3.9525517644108956	5784	3940	0
4	4	3.9367145885120736	3.9046295440948766	6652	3908	0
5	4	4.901654052734375	3.9391645826734942	7340	3932	0
6	4	5.926156200062144	3.9429713756114517	8086	3932	0
7	4	6.8863009366122165	3.9116777987093543	8774	3908	0
8	4	7.926982255415484	3.8819657746735996	9527	3891	0
9	4	8.892993996360087	3.9032236047693205	10224	3908	0
10	4	9.825439175692473	3.8769939525707353	10895	3883	0
11	4	10.828884887695313	3.854908230068448	11616	3867	0
12	4	12.03457197709517	3.9718964035446582	12485	3957	0
13	4	13.021620039506393	3.9246120281047654	13197	3916	0
14	4	13.85167458274148	3.9226455688476567	13795	3916	0
15	4	15.01554842862216	3.939420270490217	14631	3932	0
16	4	15.979941350763495	3.935793902422931	15327	3924	0
17	4	17.039762739701704	3.93932851155599	16097	3932	0
18	4	18.032541170987216	3.9034827292502468	16810	3908	0
19	4	18.938164173473012	3.899808247884115	17465	3899	0
20	4	20.02695367986506	3.873287166561093	18244	3883	0
21	4	21.002406449751422	3.891141324429899	18948	3891	0
22	4	21.891852361505684	3.9078118951471006	19595	3908	0
24	4	23.761363636363637	4.006756756756756	20944	3983	0
25	4	25.102662242542614	3.9284837739961644	21905	3924	0
26	4	26.10159967595881	3.942219433483777	22626	3932	0
27	4	27.140803666548297	3.906360935520482	23372	3908	0
28	4	28.182368607954547	3.9087538848052157	24125	3908	0
29	4	29.04142733487216	3.921714576514992	24748	3916	0
30	4	30.092033802379262	3.8842322547156534	25502	3891	0
31	4	31.126330011541196	3.864963565860783	26247	3875	0
32	4	32.06893477006392	3.8588318695893165	26927	3875	0
2	5	1.8741847645152696	4.949164450705589	5161	4661	0
3	5	2.78873554576527	4.930932259774423	5825	4653	0
4	5	3.938558821244673	4.919363073400549	6652	4645	0
5	5	4.921502962979403	4.922515181807785	7356	4645	0
6	5	5.930235151811079	4.930152824333122	8086	4653	0
7	5	6.915800337357956	4.904311858855927	8798	4628	0
8	5	7.882867709073154	4.886234317813908	9495	4620	0
9	5	8.90049715909091	4.886614412874789	10224	4620	0
10	5	9.870563576438212	4.873332393062007	10928	4612	0
11	5	10.808841774680399	4.875815039282447	11600	4612	0
12	5	12.063631647283382	4.938143068605715	12509	4653	0
13	5	12.989382379705257	4.931919957066442	13173	4653	0
14	5	13.883615389737217	4.922911772856842	13820	4645	1
15	5	14.997713678533382	4.90545283137141	14623	4637	1
16	5	15.988892711292614	4.928353386956292	15335	4653	1
17	5	17.00287114923651	4.880338376706785	16065	4612	1
18	5	18.036244895241477	4.879955532314542	16810	4612	0
19	5	18.9454384543679	4.884278168549409	17465	4620	0
20	5	20.014960271661934	4.81925648182362	18235	4571	0
21	5	20.988046542080966	4.857351904516822	18940	4596	1
22	5	21.867319003018466	4.87988061303491	19571	4612	0
23	5	23.20590320933949	4.910761790232615	20537	4637	0
24	5	24.08879061612216	4.923847920185811	21176	4645	0
25	5	24.97904385653409	4.907287322723114	21815	4637	0
26	5	26.11231689453125	4.866907893000422	22634	4604	0
27	5	27.146194180575286	4.870305379231771	23380	4604	0
28	5	28.147914262251422	4.891637441274282	24101	4620	0
29	5	29.154542125355114	4.8789520263671875	24830	4612	0
30	5	30.133906693892047	4.838914888399142	25534	4588	0
31	5	31.088285688920454	4.830910897469735	26223	4579	0
32	5	32.10429632013494	4.827814463022593	26952	4579	0
2	6	1.8367473255504259	5.973144668716568	5136	5407	0
3	6	2.890877879749645	5.9862857852970155	5890	5415	0
4	6	3.8688580599698152	5.982503392674901	6603	5415	0
5	6	4.876935508034446	5.957788965723536	7324	5399	0
6	6	5.951928294788707	5.953491073470931	8102	5399	0
7	6	6.895538052645597	5.9309348716392165	8782	5382	0
8	6	7.912035577947444	5.920002155475788	9511	5374	0
9	6	8.867013827237217	5.910987785270621	10199	5366	0
10	6	9.90098544034091	5.8997842599679755	10945	5358	0
11	6	10.808098255504262	5.882365871120143	11600	5341	0
12	6	12.070779696377842	5.938948485228392	12509	5382	1
13	6	12.95589766068892	5.935783317497184	13148	5382	1
14	6	13.870250077681108	5.895968875369509	13812	5349	1
15	6	15.072417935458098	5.93676826545784	14672	5382	1
16	6	15.937527465820313	5.935656848254504	15303	5382	1
17	6	17.027853948419747	5.906104972770621	16089	5358	1
18	6	17.95551896528764	5.897940145956503	16753	5358	1
19	6	19.065577836470172	5.879514127164273	17555	5341	1
20	6	19.967233553799716	5.857287845096072	18203	5325	1
21	6	20.965463534268466	5.870413153021185	18924	5333	1
22	6	21.908603737571024	5.885257480380771	19603	5349	1
23	6	23.211168878728696	5.944920032947986	20546	5390	1
24	6	24.061971213600852	5.940232422974732	21160	5382	1
25	6	24.985807661576704	5.923927513328758	21823	5374	0
26	6	26.162299138849434	5.893619571720157	22667	5349	1
27	6	27.098301003196024	5.8917163470843885	23347	5349	0
28	6	28.172933127663352	5.8864458788622605	24117	5349	0
29	6	29.123475230823864	5.8889663283889355	24805	5349	0
30	6	30.15765769264915	5.843797563432573	25551	5317	0
31	6	31.0581787109375	5.821732804581925	26198	5300	0
32	6	32.06955067027699	5.853364549241624	26927	5325	0
2	7	1.9145754727450282	6.946862985421945	5194	6119	0
3	7	2.7885760220614344	6.956421035904068	5816	6128	0
4	7	3.8895073630593036	6.924744614609727	6611	6103	0
5	7	4.9472278941761365	6.8942820231119795	7373	6078	0
6	7	5.919968761097301	6.91725474864513	8077	6095	0
7	7	6.928509521484376	6.916113088796805	8806	6095	0
8	7	7.848676924272018	6.898958635759783	9470	6087	0
9	7	8.938313987038354	6.865077938045467	10256	6062	0
10	7	9.900739912553268	6.8714447021484375	10945	6062	0
11	7	10.774773060191762	6.882453024924338	11575	6070	0
12	7	12.059128917347302	6.936801119967624	12501	6111	1
13	7	12.936634133078837	6.930706539669552	13140	6103	1
14	7	13.942295143821024	6.939338065482475	13861	6111	1
15	7	14.992302357066762	6.944406457849451	14615	6119	1
16	7	15.998688853870739	6.932064709362683	15344	6103	1
17	7	17.066516945578837	6.923055150487402	16114	6103	1
18	7	17.995454545454546	6.945945945945946	16787	6121	1
19	7	19.054838423295454	6.903925990199183	17547	6087	1
20	7	19.95413873845881	6.8860422770182295	18194	6070	1
21	7	21.045599920099434	6.868740047420467	18981	6062	1
22	7	21.899273681640626	6.877552341770482	19595	6070	1
23	7	23.181818181818183	6.9707207207207205	20526	6139	1
24	7	24.085958030007102	6.922912872589386	21176	6103	1
25	7	24.99127585671165	6.92040135838964	21823	6095	1
26	7	26.193909801136364	6.909891351923212	22692	6087	1
27	7	27.10090886896307	6.90824725176837	23347	6087	1
28	7	28.158109907670454	6.9044071231876405	24109	6087	1
29	7	29.175640869140626	6.895411998302013	24846	6078	0
30	7	30.151576371626422	6.8714728827949045	25543	6062	0
31	7	31.088615833629262	6.853886784733953	26223	6054	0
32	7	32.049683726917614	6.843695700705588	26911	6046	0
2	8	1.910911282626065	7.950302261490006	5186	6849	0
3	8	2.7659666581587357	7.967700030352619	5808	6857	0
4	8	3.9336926546963777	7.916313652519707	6644	6824	0
5	8	4.894603105024857	7.918355031056447	7340	6824	0
6	8	5.938031005859375	7.906805090002112	8094	6816	0
7	8	6.899186290394177	7.918517928939682	8782	6824	0
8	8	7.920484785600143	7.90025755736205	9519	6808	0
9	8	8.86039706143466	7.883738199869792	10199	6799	0
10	8	9.87579179243608	7.879133069837416	10928	6799	0
11	8	10.802194491299717	7.875918414141681	11600	6791	1
12	8	12.05117353959517	7.9532509193764085	12501	6849	1
13	8	13.046182528409092	7.903097616659629	13214	6816	1
14	8	13.86834550337358	7.9184945596231	13812	6824	1
15	8	15.022238714044745	7.905580262880068	14639	6816	1
16	8	15.987658136541194	7.920643849415822	15335	6824	1
17	8	17.054463889382102	7.930144851272171	16105	6832	1
18	8	17.993048650568184	7.908873274519637	16777	6816	1
19	8	18.944792036576704	7.902490701761332	17465	6816	1
20	8	19.997784423828126	7.867381052927929	18227	6791	1
21	8	20.99241610440341	7.86313127397417	18940	6783	1
22	8	21.93441883433949	7.841132499076225	19620	6767	1
23	8	23.231071888316762	7.939076741536459	20554	6840	1
24	8	24.056908069957387	7.948673969990499	21152	6849	1
25	8	25.01688287908381	7.919080167203337	21848	6824	1
26	8	26.155341131036934	7.882194450309685	22667	6799	1
27	8	27.12042069868608	7.888001038147523	23364	6799	1
28	8	28.217491566051137	7.88285222783819	24150	6799	1
29	8	29.128704833984376	7.884511449315527	24805	6799	0
30	8	30.120245916193184	7.853758116026183	25526	6775	0
31	8	31.076683460582387	7.8441698228990715	26214	6767	0
32	8	32.086374178799716	7.8395729408607835	26943	6767	0
2	9	1.8814160433682525	8.965210373337205	5169	7586	0
3	9	2.7963801990855823	8.954024031355575	5825	7578	0
4	9	3.901851723410866	8.932284380938556	6619	7561	0
5	9	4.895849470658735	8.937522544517174	7340	7569	0
6	9	5.967750965465199	8.951243082682293	8110	7578	0
7	9	6.892992609197444	8.928844280071088	8782	7561	0
8	9	7.915556196732956	8.891871271906673	9519	7528	0
9	9	8.846299327503552	8.88231115942603	10191	7528	1
10	9	9.912691705877132	8.902105657903999	10953	7537	1
11	9	10.794841142134233	8.904076241158151	11592	7545	1
12	9	12.045849609375	8.983872147293779	12493	7602	1
13	9	13.01851834383878	8.953378625818202	13197	7578	1
14	9	13.876798872514206	8.966249620592272	13812	7586	1
15	9	15.06682350852273	8.946910136454814	14672	7569	1
16	9	15.966559392755682	8.9458193392367	15319	7569	1
17	9	17.06797762784091	8.94715551427893	16114	7569	1
18	9	18.012338534268466	8.94979830905124	16794	7578	1
19	9	19.008043878728696	8.908071019628027	17514	7545	1
20	9	20.019870827414774	8.89256204141153	18244	7537	1
21	9	20.97079578746449	8.887670293584602	18932	7528	1
22	9	21.92838190252131	8.883252118084883	19620	7528	1
24	9	24.16798095703125	8.931447896871482	21234	7561	1
25	9	25.034477650035512	9.087450457048847	21856	7676	1
26	9	26.11979092684659	8.923156600814682	22643	7553	1
27	9	27.199763627485797	8.901981937992682	23421	7537	1
28	9	28.09458895596591	8.949288995416316	24060	7578	1
29	9	29.199483420632102	8.87560966422966	24863	7520	1
30	9	30.136012406782672	8.860205160604941	25534	7512	1
31	9	31.0841796875	8.846294231242963	26223	7496	0
32	9	32.055074240944606	8.853307775548988	26919	7504	0
2	10	1.846485207297585	9.972438915355786	5145	8315	0
3	10	2.8428348888050423	9.930427757469385	5857	8290	0
4	10	3.917251309481534	9.923160587345158	6636	8282	0
5	10	4.890970126065341	9.917958852407097	7340	8282	0
6	10	5.929348061301491	9.93437029864337	8086	8290	0
7	10	6.931127097389916	9.906147037540471	8806	8274	0
8	10	7.968372414328837	9.896573865735855	9552	8266	1
9	10	8.807078690962358	9.884122831327423	10158	8258	1
10	10	9.920185158469462	9.839013176995357	10961	8225	1
11	10	10.804463889382104	9.862816200600015	11600	8241	1
12	10	12.08352217240767	9.97323072278822	12517	8323	1
13	10	12.972144109552557	9.948789854307433	13165	8298	1
14	10	13.947878473455257	9.932763314461925	13869	8290	1
15	10	15.01372292258523	9.93486242895728	14631	8290	1
16	10	16.03183649236506	9.927608318157025	15368	8282	1
17	10	17.044971535422587	9.934844558303421	16097	8290	1
18	10	18.042734042080966	9.917725159241273	16818	8282	1
19	10	18.985963023792614	9.887659158792584	17498	8258	1
20	10	20.01736561168324	9.866004050314965	18244	8241	1
21	10	20.98588534268466	9.887965021906673	18940	8258	1
22	10	21.9241455078125	9.887474266258447	19612	8258	1
23	10	23.185500821200286	9.964822580148509	20521	8315	1
24	10	24.07290760387074	9.920385824667443	21168	8282	1
25	10	25.033698064630684	9.896830240885418	21856	8266	1
26	10	26.170491721413352	9.920850461667724	22675	8282	1
27	10	27.137424538352274	9.92220313269813	23372	8282	1
28	10	28.148735462535512	9.91255435428104	24101	8274	1
29	10	29.19500565962358	9.892162563564543	24855	8258	1
30	10	30.10239313299006	9.88156251649599	25510	8249	1
31	10	31.13544921875	9.874255481067006	26255	8249	1
32	10	32.03044378107244	9.865374453432926	26903	8241	0
2	11	1.8680105035955252	11.015036918021536	5153	9077	0
3	11	2.7477483575994315	11.01435508384361	5792	9077	0
4	11	3.89466552734375	10.957795839051942	6619	9036	0
5	11	4.859206182306463	10.952996881158501	7315	9036	0
6	11	5.9055908203125	10.951440759607262	8069	9028	0
7	11	6.888652177290484	10.922692376214105	8774	9011	0
8	11	7.8981958562677566	10.90990111204955	9503	9003	1
9	11	8.783725807883524	10.893956364812077	10142	8987	1
10	11	9.934176080877132	10.910862003360782	10969	9003	1
11	11	10.74538740678267	10.90690159153294	11559	8995	1
12	11	12.055500099875712	10.955736589861345	12501	9036	1
13	11	12.979375388405542	10.93260096644496	13165	9019	1
14	11	13.861194679953837	10.933974257460585	13804	9019	1
15	11	15.01048805930398	10.913561846758867	14631	9003	1
16	11	16.02485906427557	10.901427672789977	15360	8995	1
17	11	16.994591175426137	10.90771401895059	16065	9003	1
18	11	18.034202991832387	10.894546096389357	16810	8987	1
19	11	18.937548273259946	10.887208130982545	17465	8987	1
20	11	20.001546408913352	10.843207831855292	18227	8954	1
21	11	20.925063809481536	10.886104274440456	18899	8987	1
22	11	21.883165949041196	10.889502448004645	19587	8987	1
23	11	23.204158158735797	10.942835352442286	20537	9028	1
24	11	24.02081687233665	10.936763454127956	21127	9019	1
25	11	25.044728781960227	10.904300724063907	21864	8995	1
26	11	26.115743186257102	10.902559022645692	22634	8995	1
27	11	27.139430375532672	10.903990049619932	23372	8995	1
28	11	28.134849964488637	10.883864944045607	24093	8978	1
29	11	29.175588156960227	10.88118297130138	24846	8978	1
30	11	30.071628639914774	10.870672277502111	25485	8970	1
31	11	31.088429953835227	10.848251480240005	26223	8954	1
32	11	32.03555131392046	10.848670753272804	26903	8954	1
2	12	1.88154990456321	11.974766636753941	5169	9773	0
3	12	2.8052205866033377	11.958819140185106	5833	9765	0
4	12	3.8701432661576702	11.961261921100789	6603	9765	0
5	12	4.880646168101918	11.966256081520974	7332	9773	0
6	12	5.883186756480824	11.971569164379224	8053	9773	1
7	12	6.955358054421166	11.9203821130701	8823	9732	1
8	12	7.874210427024149	11.928572371199325	9486	9740	1
9	12	8.795640147816052	11.933486801009995	10150	9748	1
10	12	9.884053733132104	11.912039267050254	10936	9732	1
11	12	10.801799149946733	11.912935549074465	11600	9732	1
12	12	12.112155983664774	12.051265407252956	12542	9830	1
13	12	12.946621704101563	11.99037184156813	13140	9789	1
14	12	13.87679471102628	11.974990707259995	13812	9773	1
15	12	15.01833523837003	12.069281775672156	14639	9847	1
16	12	15.999970592151989	11.96285378395974	15344	9765	1
17	12	17.019721013849434	11.95905283335093	16081	9765	1
18	12	18.02975574840199	11.943018732844171	16810	9748	1
19	12	18.982436856356536	11.933468930356137	17498	9748	1
20	12	20.001058127663352	11.920723030159065	18227	9732	1
21	12	20.968182373046876	11.91216161229589	18924	9732	1
22	12	21.927424760298297	11.911233712961009	19620	9732	1
23	12	23.181844260475852	11.993290256809544	20521	9789	1
24	12	24.058941650390626	11.96133752771326	21152	9765	1
25	12	25.058586536754262	11.953851098412866	21873	9757	1
26	12	26.116761363636364	11.964639474679759	22634	9765	1
27	12	27.089289994673297	11.947673350841075	23339	9757	1
28	12	28.20123124556108	11.93322011586782	24142	9748	1
29	12	29.111684348366477	11.921935485289977	24797	9740	1
30	12	30.121990966796876	11.922813896660331	25526	9740	1
31	12	31.068008145419036	11.894370689048424	26206	9716	1
32	12	32.128910134055396	11.877609390396255	26968	9708	1
2	13	1.8678329467773436	13.0046166772241	5153	10527	0
3	13	2.7761553677645594	12.996491028381898	5808	10519	0
4	13	3.8809464888139202	12.946159019126549	6611	10486	0
5	13	4.926076438210227	12.95292649827562	7365	10486	0
6	13	5.833699729225852	12.973787049989443	8012	10502	1
7	13	6.955344182794746	12.930065807995495	8823	10469	1
8	13	7.879756303267047	12.923760216515344	9495	10469	1
9	13	8.90664090243253	12.903012387387388	10232	10453	1
10	13	9.807773659446024	12.901515376460445	10879	10453	1
11	13	10.800875299627132	12.89664768528294	11600	10445	1
12	13	12.047759732333098	12.974009745829814	12493	10502	1
13	13	12.991041426225143	12.953561593820384	13173	10486	1
14	13	13.929344593394887	12.955205693975225	13853	10486	1
15	13	14.795968905362217	12.955267553930884	14475	10486	1
16	13	16.033075228604403	12.906682744756475	15368	10453	1
17	13	16.99921042702415	12.917770798141893	16065	10461	1
18	13	18.076913729580966	12.90487780871692	16843	10453	1
19	13	18.94014226740057	12.91225426476281	17465	10461	1
20	13	20.0111122824929	12.86824709230715	18235	10428	1
21	13	20.98880948153409	12.87218138548705	18940	10428	1
22	13	21.888686856356536	12.916194056605434	19587	10461	1
23	13	23.154347922585227	12.971859768704253	20505	10502	1
24	13	24.148519065163352	12.933824143968188	21217	10469	1
25	13	24.994532914595172	12.928016181464669	21832	10469	1
26	13	26.135094105113637	12.941096125422298	22651	10478	1
27	13	27.047025923295454	12.913360870636263	23306	10461	1
28	13	28.238554243607954	12.92038953626478	24166	10461	1
29	13	29.10701238458807	12.937502749331363	24797	10478	1
30	13	30.11167879971591	12.898591462556308	25518	10445	1
31	13	31.11099909002131	12.876490962397945	26239	10428	1
32	13	32.07109042080966	12.869227228937923	26927	10428	1
2	14	1.8379229458895594	14.031717386331644	5136	11272	0
3	14	2.8212409279563206	14.02048361838401	5841	11264	0
4	14	3.8591742775656956	13.996928721934827	6595	11248	0
5	14	4.89733096036044	13.998204411687079	7340	11248	1
6	14	5.905320323597301	14.002289918091922	8069	11248	1
7	14	6.947136341441762	13.975489435969173	8815	11231	1
8	14	7.8626803311434665	13.960391482791387	9478	11223	1
9	14	8.864618197354405	13.96406871348888	10199	11223	1
10	14	9.858514681729405	13.95276621225718	10920	11215	1
11	14	10.800102650035512	13.952264459283503	11600	11215	1
12	14	12.058528275923296	13.968187211870074	12501	11223	1
13	14	13.018611283735796	13.981320767789274	13197	11231	1
14	14	13.863189419833098	13.979789390220299	13804	11231	1
15	14	15.005867420543325	13.930012745900198	14631	11198	1
16	14	15.996723244406962	13.931313179634714	15344	11198	1
17	14	17.067227172851563	13.934039141680744	16114	11198	1
18	14	17.987630393288352	13.924652924408784	16777	11190	1
19	14	19.005028187144887	13.89335178684544	17514	11174	1
20	14	19.920452880859376	13.88150216867258	18170	11166	1
21	14	20.99449129971591	13.890775663358673	18948	11166	1
22	14	21.90551591352983	13.902153771202844	19603	11174	1
23	14	23.175327370383524	13.968152845228042	20521	11223	1
24	14	24.136761474609376	13.924962224187079	21209	11190	1
25	14	25.019376997514204	13.917177492433842	21848	11190	1
26	14	26.076356090198864	13.916087382548564	22610	11190	1
27	14	27.13941650390625	13.903634286141612	23372	11182	1
28	14	28.16142245205966	13.902501561620214	24109	11174	1
29	14	29.172078635475852	13.893753189224382	24838	11174	1
30	14	30.045738636363637	13.872448620495497	25469	11158	1
31	14	31.117363392223012	13.856319668056729	26239	11141	1
32	14	32.05907204367898	13.85769845773508	26919	11141	1
2	15	1.9198147860440338	14.987592542493665	5194	11969	0
3	15	2.7902801513671873	14.998554126636401	5825	11977	0
4	15	3.896113031560724	14.984722240551097	6619	11969	0
5	15	4.8251880992542615	14.975887264217342	7291	11960	0
6	15	5.889236866344105	15.009727409294058	8053	11985	1
7	15	6.918194580078126	14.966375952368383	8798	11952	1
8	15	7.846700217507103	14.952273257143862	9470	11944	1
9	15	8.857309237393467	14.939734931464667	10199	11936	1
10	15	9.901998069069604	14.919062708949182	10945	11919	1
11	15	10.788179987127132	14.932200388865427	11583	11928	1
12	15	12.051886541193182	15.014221191406248	12501	11985	1
13	15	12.977770441228694	14.977949262739301	13165	11960	1
14	15	13.927800681374292	14.987108660173845	13853	11969	1
15	15	14.981134310635655	14.988802248293213	14606	11969	1
16	15	15.993051424893467	14.965799967447916	15335	11952	1
17	15	17.04696766246449	14.969169273032797	16097	11952	1
18	15	18.011423006924716	14.962946161493523	16794	11952	1
19	15	18.98356045809659	14.938488109691722	17498	11928	1
20	15	19.93475730202415	14.921986622853321	18178	11919	1
21	15	21.06320301402699	14.928902565895973	18997	11928	1
22	15	21.887646484375	14.93208766627956	19587	11928	1
23	15	23.163134210759946	14.981388676273928	20505	11960	1
24	15	24.055773370916196	14.948494301185951	21152	11936	1
25	15	25.02664295543324	14.957303158871762	21848	11944	1
26	15	26.15170399058949	14.966194496498451	22659	11952	1
27	15	27.07669178355824	14.927334072353602	23331	11919	1
28	15	28.086826393821024	14.867108594189892	24060	11878	1
29	15	29.199086692116477	14.931381088119368	24863	11928	1
30	15	30.08503972833807	14.932223758182008	25502	11928	1
31	15	31.049614368785512	14.906491391293637	26190	11911	1
32	15	32.110596812855114	14.894001178913287	26960	11895	0
2	16	1.9171195290305396	15.997610281179616	5194	12698	0
3	16	2.770998590642755	15.996033539643157	5808	12698	0
4	16	3.8708916404030536	15.961429080447635	6603	12673	0
5	16	4.866053217107599	15.964200406461147	7315	12681	0
6	16	5.9438099254261365	15.944010691599802	8094	12665	0
7	16	6.864055009321734	15.960047541437921	8757	12673	0
8	16	7.878523115678268	15.919945794182855	9486	12648	1
9	16	8.870723100142046	15.916337296769425	10207	12640	1
10	16	9.883304665305399	15.93365258569116	10936	12657	1
11	16	10.739415671608667	15.932114334793777	11551	12657	1
12	16	12.054788485440342	15.983309634096987	12501	12689	1
13	16	12.95409157492898	15.981803000510276	13148	12689	1
14	16	13.907818603515626	15.969017235008446	13836	12681	1
15	16	15.021016623757104	15.960945198127815	14639	12673	1
16	16	15.968803821910512	15.96224563186233	15319	12673	1
17	16	17.00933671431108	15.934935148771817	16073	12657	1
18	16	18.07330155806108	15.924061543232686	16843	12648	1
19	16	18.932909601384946	15.930038589615005	17457	12648	1
20	16	19.989222856001422	15.927905108477617	18219	12648	1
21	16	20.975051602450286	15.896089845949465	18932	12624	1
22	16	21.91496249112216	15.88339343371692	19612	12616	1
23	16	23.192425537109376	15.985672684403152	20529	12689	1
24	16	24.11874500621449	15.958543657182572	21201	12673	1
25	16	24.997545831853696	15.945114548141891	21832	12665	1
26	16	26.117724054509946	15.937244587116412	22634	12657	1
27	16	27.10728426846591	15.923092403927365	23355	12648	1
28	16	28.189601273970172	15.927374487524634	24134	12648	1
29	16	29.1181679465554	15.922279976509712	24797	12648	1
30	16	30.120301402698864	15.899584246111345	25526	12632	1
31	16	31.112258633700286	15.88453028223536	26239	12616	1
32	16	32.06522549715909	15.893346013249577	26927	12624	0
2	17	1.885061506791548	17.02365799637528	5169	13451	0
3	17	2.7357174960049715	17.012832504134995	5784	13443	0
4	17	3.908766035600142	16.99230462151605	6627	13427	0
5	17	4.909696821732954	16.997493984462977	7348	13427	0
6	17	5.897716591574929	16.99925218186937	8061	13427	0
7	17	6.888571721857246	16.968301584054757	8774	13410	0
8	17	7.871606722745029	16.952677133921032	9486	13394	0
9	17	8.896972378817473	16.942207680092203	10224	13386	0
10	17	9.889483087713069	16.951251605609517	10936	13394	1
11	17	10.779496348987927	16.94251972920186	11583	13386	1
12	17	12.050203912908382	17.020841306394285	12501	13443	1
13	17	13.003899036754262	17.01827755489865	13181	13443	1
14	17	13.845489224520598	17.00557564400338	13795	13435	1
15	17	14.962317449396307	16.93957794464386	14598	13386	1
16	17	15.952582341974432	16.978255538253098	15311	13418	1
17	17	17.048671098188922	16.971996685406108	16097	13410	1
18	17	18.019368674538352	16.970645389041387	16802	13410	1
19	17	18.99191395152699	16.955060804212415	17498	13402	1
20	17	19.999460116299716	16.940071449623453	18227	13386	1
21	17	20.982264848188922	16.9443920238598	18940	13394	1
22	17	21.906855912642047	16.92408546241554	19603	13378	1
23	17	23.228267045454547	16.972131402642876	20554	13410	1
24	17	24.083447265625	16.947665102846987	21168	13394	1
25	17	25.034877152876422	16.924691689980996	21856	13378	1
26	17	26.15308837890625	16.90921432907517	22667	13361	1
27	17	27.04730613014915	16.91480371973536	23306	13369	1
28	17	28.23588534268466	16.887783291103602	24166	13353	1
29	17	29.142781760475852	16.9017773877393	24822	13361	1
30	17	30.092857776988637	16.902512833878802	25502	13361	0
31	17	31.08333074396307	16.865996214720578	26214	13337	0
32	17	32.114872048117896	16.85812350436374	26960	13328	0
2	18	1.886162220348011	17.996194100594735	5169	14156	0
3	18	2.76631552956321	17.9893578881616	5808	14148	0
4	18	3.9271903298117894	17.9665246911951	6644	14131	0
5	18	4.865500432794744	17.966222264745216	7315	14131	0
6	18	5.915932117808949	17.982703131598395	8077	14148	0
7	18	6.884114768288353	17.956004374736064	8774	14123	0
8	18	7.948938265713779	17.922499648085587	9544	14098	0
9	18	8.84081864790483	17.91511769337697	10183	14098	0
10	18	9.857421597567473	17.91760308892877	10920	14098	1
11	18	10.809077592329546	17.905082633903437	11600	14090	1
12	18	12.056479436700995	18.022564312359236	12501	14172	1
13	18	12.976394375887786	17.990522229993665	13165	14148	1
14	18	13.896192793412643	17.983736880190737	13828	14148	1
15	18	15.039507501775569	17.972771172050958	14655	14139	1
16	18	15.982024869051848	17.967694531689894	15335	14131	1
17	18	17.05842978737571	17.9650909148895	16105	14131	1
18	18	18.02182117808949	17.939885044957066	16802	14115	1
19	18	19.02492009943182	17.94227558857686	17523	14115	1
20	18	19.948201682350852	17.93566757064682	18194	14115	1
21	18	21.074763627485797	17.922406170819258	19005	14098	1
22	18	21.89115323153409	17.9206823400549	19595	14098	1
23	18	23.17884521484375	18.008861644847972	20521	14164	1
24	18	24.11362360174006	17.965250376108532	21193	14131	1
25	18	24.96903409090909	17.972043973905546	21807	14139	1
26	18	26.185511918501422	17.950826009114582	22684	14123	1
27	18	27.09840087890625	17.94766702737894	23347	14123	1
28	18	28.190763716264204	17.95766084688204	24134	14131	1
29	18	29.116650390625	17.94392931139147	24797	14115	1
30	18	30.124107776988637	17.921636358037727	25526	14098	0
31	18	31.12150545987216	17.904146486574465	26247	14090	0
32	18	32.07381758256392	17.899002487595016	26935	14082	0
2	19	1.8843061967329542	18.99108226879223	5169	14877	0
3	19	2.794076121937145	18.97663315781602	5825	14868	0
4	19	3.875358997691761	18.95824700432855	6603	14852	0
5	19	4.948099032315341	18.944938865867822	7381	14844	0
6	19	5.863956520774147	18.961496713999157	8036	14860	0
7	19	6.931072998046876	18.94327277106208	8806	14844	0
8	19	7.906241399591621	18.925113437412023	9511	14828	0
9	19	8.862644264914774	18.903081670537727	10199	14811	0
10	19	9.842911876331677	18.905857120548283	10904	14819	1
11	19	10.795420976118608	18.9163128277203	11592	14828	1
12	19	12.05611600008878	19.007537016997468	12501	14893	1
13	19	13.01192793412642	18.970767459353887	13189	14868	1
14	19	13.862475031072444	18.94194896801098	13804	14844	1
15	19	15.037693093039774	18.94603035041878	14647	14844	1
16	19	15.996108731356536	18.967190579251128	15344	14860	1
17	19	17.014940851384946	18.9393371032165	16073	14844	1
18	19	18.074211536754262	18.927860019443273	16843	14836	1
19	19	18.984850519353696	18.917426306922156	17498	14828	1
20	19	20.02555819424716	18.89154135214316	18244	14803	1
21	19	20.958896706321024	18.88761530695735	18915	14803	1
22	19	21.912851229580966	18.891579842782235	19603	14803	1
23	19	23.182016268643466	18.999084197723114	20521	14885	1
24	19	24.14730945933949	18.95847932282869	21217	14852	1
25	19	24.96991355202415	18.94515881237683	21807	14844	1
26	19	26.192064874822446	18.967124595298426	22692	14860	1
27	19	27.08237360174006	18.955221365163993	23331	14852	1
28	19	28.204915549538352	18.940310366518865	24142	14844	1
29	19	29.16392489346591	18.920622404631196	24838	14828	0
30	19	30.089756081321024	18.913316056535052	25502	14819	0
31	19	31.112347412109376	18.9126507183453	26239	14819	0
32	19	32.06985307173296	18.902471318975227	26927	14811	0
2	20	1.9079975474964486	20.03220594251478	5186	15639	0
3	20	2.800473716042258	20.03753139736416	5833	15639	0
4	20	3.887874672629616	20.022117271079672	6611	15630	0
5	20	4.875571233575994	19.991983224679757	7324	15606	0
6	20	5.951449030095881	19.998475770692565	8102	15614	0
7	20	6.903218772194603	19.981933043883725	8790	15598	0
8	20	7.863755382191052	19.982498031478745	9478	15598	0
9	20	8.894063498757104	19.969860729870494	10224	15589	0
10	20	9.849578579989348	19.960086856876405	10912	15581	1
11	20	10.781141523881393	19.9534692162866	11583	15581	1
12	20	12.029787653142757	20.035250826998872	12485	15639	1
13	20	13.030126120827417	20.01366445180532	13206	15622	1
14	20	13.868776910955257	20.001281463348114	13812	15614	1
15	20	15.0303730357777	20.007976085216075	14647	15622	1
16	20	15.966718916459518	19.97675605292793	15319	15598	1
17	20	17.0389706698331	19.96865789739935	16097	15589	1
18	20	18.02098055752841	19.966830966708894	16802	15589	1
19	20	18.96127430308949	19.971988712345155	17482	15589	1
20	20	19.964259477095172	19.947706617750562	18203	15573	1
21	20	20.965876908735797	19.942235448338963	18924	15573	1
22	20	21.893020352450286	19.950256622589386	19595	15573	1
23	20	23.17835693359375	20.024617787953968	20521	15630	1
24	20	24.119399746981536	19.99342524897945	21201	15606	1
25	20	25.00144375887784	19.98684884836008	21832	15606	1
26	20	26.06923162286932	19.96061472849803	22602	15581	1
27	20	27.165031849254262	19.939806414080095	23396	15573	0
28	20	28.150738525390626	19.961629231770832	24101	15581	0
29	20	29.141106068004262	19.95016451998874	24822	15573	0
30	20	30.087309126420454	19.926454286317565	25502	15557	0
31	20	31.116686456853696	19.91494283590231	26239	15548	0
32	20	32.039255038174716	19.919131442233247	26911	15557	0
2	21	1.9346941861239344	20.996263108811938	5202	16335	0
3	21	2.728376631303267	21.025751062341637	5775	16359	0
4	21	3.920316245339133	21.00626380164344	6636	16343	0
5	21	4.857637994939631	21.000154787355715	7315	16343	0
6	21	5.939420249245384	21.010539011912304	8094	16351	0
7	21	6.900445834073154	20.96622391434403	8782	16318	0
8	21	7.868184592507103	20.970446887317003	9486	16318	0
9	21	8.880992265181108	20.93008395358249	10215	16286	0
10	21	9.837187056107956	20.93193700292089	10904	16294	0
11	21	10.778436556729405	20.93273430901605	11583	16294	1
12	21	12.012603482333098	21.04574694934192	12468	16376	1
13	21	12.983539650656962	21.01140917528857	13173	16351	1
14	21	13.944853071732956	20.99954031179617	13861	16343	1
15	21	15.03421825062145	20.998013058224238	14647	16343	1
16	21	15.941171542080967	20.99310000307925	15303	16335	1
17	21	17.05638094815341	20.98237623609938	16105	16327	1
18	21	18.065369762073864	20.968908636419624	16835	16318	1
19	21	19.002855890447446	20.962259378519143	17506	16310	1
20	21	19.964972478693184	20.947547706397803	18203	16302	1
21	21	21.006526322798297	20.942322602143157	18956	16302	1
22	21	21.930135276100852	20.932955630190737	19620	16294	1
23	21	23.17582674893466	21.005724932696367	20521	16343	1
24	21	24.10922352183949	20.98126000756616	21193	16327	1
25	21	25.01537919477983	20.977995176573057	21840	16327	1
26	21	26.109661865234376	20.967253538939328	22634	16318	1
27	21	27.114250599254262	20.93747278161951	23355	16294	0
28	21	28.18833895596591	20.956140741571648	24134	16310	0
29	21	29.108493874289774	20.941002923089105	24797	16294	0
30	21	30.136864124644887	20.932939134202563	25534	16294	0
31	21	31.06786942915483	20.925158526446367	26206	16286	0
32	21	32.09598166725852	20.913674569344735	26952	16278	0
2	22	1.889147394353693	22.049210282059402	5169	17105	0
3	22	2.751247475363991	22.04998559350366	5792	17105	0
4	22	3.93368779962713	22.021387048669762	6644	17080	0
5	22	4.878271345658735	22.01095608548001	7324	17072	0
6	22	5.948997220126065	22.003381677576012	8102	17072	0
7	22	6.907410777698865	21.9951391821509	8790	17064	0
8	22	7.916213711825285	21.97420852248733	9519	17048	0
9	22	8.85855907093395	21.971593908361488	10199	17048	0
10	22	9.83309353915128	21.978717425922017	10895	17056	0
11	22	10.803897927024149	21.96370607668215	11600	17039	0
12	22	12.048560125177557	22.000890783361488	12493	17072	1
13	22	13.005196033824575	21.98450751777168	13189	17056	1
14	22	13.837188443270598	21.96849541191582	13787	17048	1
15	22	15.033123779296876	21.96266133076436	14647	17039	1
16	22	15.9793476451527	21.966658858565598	15327	17048	1
17	22	17.058933327414774	21.94796065596847	16105	17031	1
18	22	17.968568004261364	21.942033097550677	16761	17023	1
19	22	19.026959228515626	21.915870460304053	17523	17007	1
20	22	19.98593250621449	21.90742726368947	18219	16998	1
21	22	20.939243386008524	21.897436193517738	18907	16990	1
22	22	21.912307461825286	21.89762864671312	19603	16990	1
23	22	23.17232000177557	22.00851467923001	20513	17072	1
24	22	24.10495106090199	21.966012765695382	21185	17039	1
25	22	24.99314852627841	21.97804658906954	21823	17056	1
26	22	26.151964777166196	21.99310467694257	22659	17064	0
27	22	27.118794944069602	21.972256497219878	23364	17048	0
28	22	28.179275235262786	21.977557208086992	24125	17056	0
29	22	29.126973655007102	21.94023778417089	24805	17023	0
30	22	30.07855613014915	21.92610622096706	25494	17015	0
31	22	31.11077714399858	21.90062816722973	26239	16998	0
32	22	32.08981989080256	21.89194852811796	26943	16990	0
2	23	1.937152238325639	23.041336746903156	5210	17826	0
3	23	2.760119767622514	23.027199685036603	5800	17818	0
4	23	3.8932429920543323	23.000874837239586	6619	17793	0
5	23	4.884896434437144	22.986938476562504	7332	17785	0
6	23	5.969722817160866	22.996693104237053	8110	17793	0
7	23	6.8822115811434665	22.977491774000566	8774	17777	0
8	23	7.840820035067472	22.971943623310814	9462	17777	0
9	23	8.905975064364348	22.967058061479452	10232	17768	0
10	23	9.88359596946023	22.96671989372185	10936	17768	0
11	23	10.772868485884233	22.968017578125004	11575	17768	0
12	23	12.0184101451527	23.047838915575735	12476	17834	0
13	23	12.97683133212003	23.012650223465656	13165	17801	1
14	23	13.883175659179688	23.010329787795612	13820	17801	1
15	23	15.040592262961649	23.003291499507323	14655	17801	1
16	23	16.022213745117188	22.979801212345162	15360	17785	1
17	23	16.987801014293325	22.997509655651747	16056	17793	1
18	23	18.048271595348012	22.961449425499723	16818	17768	1
19	23	19.02508933327415	22.958664352829395	17523	17768	1
20	23	19.96400701349432	22.947045678490994	18203	17760	1
21	23	21.000164794921876	22.935619457347975	18948	17752	1
22	23	21.906711647727274	22.931465217659067	19603	17744	1
23	23	23.16842762340199	23.011940895974103	20513	17801	1
24	23	24.12095059481534	22.988318640906535	21201	17785	1
25	23	25.00665116743608	23.007115819432716	21840	17801	1
26	23	26.180040949041196	22.999167502463404	22684	17793	0
27	23	27.10939275568182	22.978858191687785	23355	17777	0
28	23	28.106102405894887	22.949104927681592	24068	17760	0
29	23	29.181031383167614	22.939817686338685	24846	17752	0
30	23	30.077610085227274	22.931234273824607	25494	17744	0
31	23	31.107145552201704	22.920940777202986	26239	17736	0
32	23	32.072347190163356	22.908709001970724	26927	17727	0
3	24	2.8761087590997865	24.018088950767176	5882	18538	0
4	24	3.876876553622159	24.00560423704955	6603	18530	0
5	24	4.916267811168324	24.002516737929337	7356	18522	0
6	24	5.932194519042969	24.018245662654845	8086	18538	0
7	24	6.879423384232956	23.99697408590231	8765	18522	0
8	24	7.895735029740768	23.97428660349803	9503	18506	0
9	24	8.89708473899148	23.96830130912162	10224	18498	0
10	24	9.82823153409091	23.951205966708898	10895	18489	0
11	24	10.786688787286932	23.948129464914135	11583	18481	0
12	24	12.054941073330967	24.059518625070385	12501	18563	1
13	24	12.977322387695313	23.99528049778294	13165	18522	1
14	24	13.943607399680399	23.994843354096286	13861	18522	1
15	24	14.977519364790483	23.9808410094665	14606	18506	1
16	24	16.06037458939986	23.97367625193553	15385	18506	1
17	24	17.00433183149858	23.97726412936374	16065	18506	1
18	24	18.022517533735797	23.95708953582489	16802	18489	1
19	24	19.01527654474432	23.946045471741275	17514	18481	1
20	24	19.977376487038352	23.940216889252536	18211	18481	1
21	24	20.976183527166196	23.93717337943412	18932	18481	1
22	24	21.89001298384233	23.95938797684403	19587	18489	1
23	24	23.16464899236506	24.01781951629364	20513	18538	1
24	24	24.11673639470881	23.9744433153857	21193	18506	1
25	24	25.031589577414774	23.9915331591357	21856	18514	0
26	24	26.186979536576704	24.031159272065036	22692	18547	0
28	24	28.225032182173297	23.978608552400058	24158	18506	0
29	24	29.095357444069602	23.952646616342907	24781	18489	0
30	24	30.123300448330966	23.92476564699465	25526	18465	0
31	24	31.135987437855114	23.90973780176661	26255	18457	0
32	24	32.084163041548294	23.915131989900058	26943	18465	0
2	25	1.8914181795987213	25.04584949940175	5177	19284	0
3	25	2.81727294921875	25.008004953195385	5841	19259	0
4	25	3.898574551669034	25.016052246093754	6619	19259	0
5	25	4.853709550337357	25.00931088559263	7307	19259	0
6	25	5.936487093838778	25.006844735360364	8094	19259	0
7	25	6.902525190873581	24.97706947670327	8790	19235	0
8	25	7.88279696377841	24.976824786211996	9495	19235	0
9	25	8.862075528231536	24.96329257724522	10199	19227	0
10	25	9.842866099964489	24.958110087626693	10904	19218	0
11	25	10.790160855379973	24.96147251988317	11592	19218	0
12	25	12.02889570756392	25.028646933065883	12485	19268	1
13	25	12.983002818714489	25.01533192127675	13173	19259	1
14	25	13.897843516956677	25.012992240287165	13828	19259	1
15	25	15.049937577681108	25.001043646185252	14655	19251	1
16	25	15.931905295632104	24.979486138971005	15294	19235	1
17	25	17.086290949041196	24.968865471917233	16130	19227	1
18	25	17.98213445490057	24.97082849451014	16777	19227	1
19	25	19.000442227450286	24.9463292027379	17506	19210	1
20	25	19.940516801313922	24.93010264903576	18186	19202	1
21	25	20.996511008522727	24.939761050112615	18948	19210	1
22	25	21.92659246271307	24.95012877868103	19620	19210	1
23	25	23.167245760830966	25.011518598676805	20513	19259	1
24	25	24.10745350230824	24.957637202632323	21193	19218	0
25	25	25.03838944868608	24.948355459952143	21856	19210	0
26	25	26.182740367542614	24.96068621111346	22684	19218	0
27	25	27.055387739701704	24.939244175816444	23314	19210	0
28	25	28.138997580788352	24.956323022240994	24093	19218	0
29	25	29.20365045720881	24.91064563098255	24863	19186	0
30	25	30.138353937322446	24.91514903575451	25534	19186	0
31	25	31.080783913352274	24.914318737683	26214	19186	0
32	25	32.102065762606536	24.903156452350792	26952	19177	0
2	26	1.9624346646395594	26.033739244615713	5226	20005	0
3	26	2.761649114435369	26.010831815702424	5800	19988	0
4	26	3.86960088556463	26.024001112929337	6603	19997	0
5	26	4.908990062366832	26.006446632179056	7348	19980	0
6	26	6.0226014570756385	25.99109711518159	8151	19972	0
7	26	6.930408547141337	25.948526468362896	8806	19939	0
9	26	8.862690041281962	25.966306394284913	10199	19956	0
10	26	9.910203136097302	25.945430721248595	10953	19939	0
11	26	10.789539406516337	25.948158057960306	11592	19939	0
12	26	12.070510586825286	26.034720755912165	12509	20005	1
13	26	13.05784579190341	26.096028095967064	13222	20046	1
14	26	13.870974176580257	26.011926049584744	13812	19988	1
15	26	15.037389304421167	25.921013909417233	14647	19923	1
16	26	16.0416035045277	25.95552901534347	15376	19948	1
17	26	17.06873085715554	25.958157376126128	16114	19948	1
18	26	18.05524070046165	25.932706815702424	16826	19931	1
19	26	18.99352860884233	25.961475819080803	17506	19948	1
20	26	20.00260065252131	25.933242935318134	18227	19931	1
21	26	20.958913352272727	25.926545564118808	18915	19923	1
22	26	21.92783536044034	25.943594167898368	19620	19939	1
23	26	23.168408203125	26.026417775197075	20513	19997	1
24	26	24.156689453125	25.998399339280688	21225	19980	0
25	26	25.00357998934659	25.962314365146398	21832	19948	0
27	26	27.07325439453125	25.954407288147525	23331	19948	0
28	26	28.193166281960227	25.954404538816163	24134	19948	0
29	26	29.13089932528409	25.938774590019708	24814	19931	0
30	26	30.161885764382102	25.908977336711715	25551	19915	0
31	26	31.088970947265626	25.920323827245216	26223	19923	0
32	26	32.11946355646307	25.908611675640486	26968	19915	0
2	27	1.9519810069691048	27.01390336870074	5218	20718	0
3	27	2.7687187888405536	27.0111485386754	5808	20709	0
4	27	3.9673285744406956	27.00725273613458	6668	20709	0
5	27	4.869772200150923	26.99698398349522	7324	20701	0
6	27	5.908283996582031	26.99002817514781	8069	20701	0
7	27	6.840899103338069	26.974499951611772	8741	20685	0
8	27	7.920635986328126	26.974585180884013	9519	20685	0
9	27	8.867803122780542	26.94461197036881	10199	20668	0
10	27	9.871800925514917	26.94642103040541	10928	20668	0
11	27	10.80541825727983	26.945299303209463	11600	20668	0
12	27	12.077285489169036	27.01312805725648	12517	20718	1
13	27	12.982854392311792	26.985065632038292	13173	20693	1
14	27	13.894549005681819	26.99318440755209	13828	20701	1
15	27	15.046450250799007	26.99369303385417	14655	20701	1
16	27	15.996849476207387	26.966851311760983	15344	20685	1
17	27	17.038392223011364	26.967692607157943	16089	20685	1
18	27	18.02555819424716	26.95384697441583	16802	20668	1
19	27	19.032008500532672	26.928874797649218	17531	20652	1
20	27	19.995082231001422	26.92261731946791	18227	20652	1
21	27	21.042170854048297	26.91249428139077	18981	20644	1
22	27	21.91966219815341	26.911446786141614	19612	20644	1
23	27	23.210369873046876	27.01376040346988	20546	20718	0
24	27	24.15585992986506	26.97985289977478	21225	20693	0
25	27	24.95828912908381	27.00064609287022	21799	20709	0
26	27	26.164601828835227	26.97170663094736	22675	20685	0
27	27	27.114888694069602	26.9519444371129	23355	20668	0
28	27	28.234670188210227	26.949929177224103	24166	20668	0
29	27	29.144166148792614	26.92144610430744	24822	20652	0
30	27	30.091093306107954	26.915108895516614	25502	20644	0
31	27	31.11734674627131	26.913517032657662	26239	20644	0
32	27	32.083924449573864	26.921600066863743	26935	20652	0
3	28	2.8097607699307527	28.004745895798145	5833	21438	0
4	28	3.977105990323153	28.007071830130915	6676	21438	0
5	28	4.877957846901634	27.997746098148934	7324	21430	0
6	28	5.936836658824574	28.00620304142033	8094	21438	0
7	28	6.929408402876422	27.974357536247187	8806	21414	0
8	28	7.940985662286933	27.971943623310814	9535	21414	0
9	28	8.858357932350854	27.966142534135702	10199	21406	0
10	28	9.886692116477274	27.956607852970162	10936	21398	0
11	28	10.791156838156962	27.961540153434687	11592	21406	0
12	28	12.07475807883523	28.019834226316163	12517	21447	1
13	28	12.98924782492898	27.99193401164837	13173	21430	1
14	28	13.892926025390626	28.013516262844878	13828	21447	1
15	28	15.045559692382813	27.989055461711715	14655	21422	1
16	28	15.98406122381037	27.984645534206084	15335	21422	1
17	28	17.072165471857247	27.972985619897244	16114	21414	1
19	28	18.97305408824574	27.95804850260417	17490	21406	1
20	28	19.942106489701704	27.94120060001408	18186	21389	1
21	28	21.062256969105114	27.931707158818977	18997	21381	1
22	28	21.90626775568182	27.93510808171453	19603	21389	0
23	28	23.166957231001422	28.023127925288573	20513	21447	0
24	28	24.120281982421876	27.987180417722413	21201	21422	0
25	28	25.053637140447446	27.970096072635137	21873	21414	0
26	28	26.153077281605114	27.962452931447075	22667	21406	0
27	28	27.127855890447446	27.924470918672583	23364	21381	0
28	28	28.117793412642047	27.944859960057716	24076	21389	0
29	28	29.139080810546876	27.92313199429899	24814	21373	0
30	28	30.15231989080256	27.940048630173145	25551	21389	0
31	28	31.180690141157672	27.895608438027875	26288	21357	0
32	28	32.10349731445313	27.904491527660475	26952	21365	0
2	29	1.9595639315518463	29.026213224943696	5226	22176	0
3	29	2.7918462579900565	29.015103176907378	5825	22168	0
4	29	3.957448508522727	29.018014718820385	6660	22176	0
5	29	4.919942405007102	29.002986873592345	7356	22159	0
6	29	5.920423056862571	28.99439521308418	8077	22159	0
7	29	6.9884432705965915	28.96918109515766	8847	22135	0
8	29	7.861151677911933	28.96152145798142	9478	22135	0
9	29	8.949405739524149	28.95091728691582	10265	22127	0
10	29	9.82332930131392	28.95645993894285	10895	22127	0
11	29	10.820069469105114	28.94168778153153	11608	22118	0
12	29	12.062505271218042	29.02651290206222	12509	22176	0
13	29	13.033373468572444	28.982479610958617	13206	22151	1
14	29	13.895937555486507	28.989402427329676	13828	22151	1
15	29	15.031452248313212	28.99137919657939	14647	22151	1
16	29	15.951626586914063	28.98090424408784	15311	22143	1
17	29	17.076387994939633	28.97918041332348	16122	22143	1
18	29	18.00366044477983	28.96152145798142	16785	22135	1
19	29	18.9622314453125	28.96317380613035	17482	22135	1
20	29	19.999798583984376	28.917402937605576	18227	22102	1
21	29	21.00718106356534	28.92817481788429	18956	22110	0
22	29	21.884034312855114	28.93765726175394	19587	22118	0
23	29	23.17971912730824	28.99752395217483	20521	22159	0
24	29	24.054408402876422	28.969912417300115	21152	22135	0
25	29	25.033739679509946	28.971295330975508	21856	22143	0
26	29	26.09952448064631	28.97205689576295	22626	22143	0
27	29	27.128896262428977	28.956149264498876	23364	22127	0
28	29	28.15720270330256	28.94453883815456	24109	22118	0
29	29	29.140553977272727	28.93107811180321	24814	22110	0
30	29	30.100986550071024	28.91852191547016	25510	22102	0
31	29	31.113210227272727	28.91919825098536	26239	22102	0
32	29	32.01635575727983	28.939546052400058	26894	22118	0
2	30	1.933312572132457	30.06248570347692	5202	22929	0
3	30	2.8164683948863636	30.019706107474665	5841	22905	0
4	30	3.9430941495028407	30.014905774915544	6652	22897	0
5	30	4.980824973366477	29.997870917792795	7397	22888	0
6	30	5.870494911887429	29.990901362788573	8045	22880	0
7	30	6.998436390269887	29.97545012053069	8856	22872	0
8	30	7.89152499112216	29.97916171787022	9503	22872	0
9	30	8.894139792702417	29.95581164660755	10224	22856	0
10	30	9.881465287642046	29.945075507636545	10936	22847	0
11	30	10.803990866921167	29.957299034874723	11600	22856	0
12	30	12.076679299094462	30.024248002885702	12517	22905	0
13	30	13.091462291370739	30.000738470404002	13246	22888	1
14	30	13.878894875266337	29.9875169358812	13812	22880	1
15	30	15.019345092773438	29.971095179652313	14639	22864	1
16	30	16.014121038263497	29.943208711641333	15352	22847	1
17	30	17.05430020419034	29.94412148965372	16105	22847	1
18	30	18.003521728515626	29.92620134783221	16785	22831	1
19	30	18.9366493918679	29.93155429599522	17465	22839	1
20	30	20.00492831143466	29.90500400302647	18235	22815	0
21	30	20.99884421608665	29.908198726069823	18948	22823	0
22	30	21.84125144264915	29.931994189013235	19554	22839	0
23	30	23.18338678533381	30.021493172860364	20521	22905	0
24	30	24.146954345703126	29.97194472304336	21217	22864	0
25	30	25.033725807883524	29.93441909927506	21856	22839	0
26	30	26.146593683416196	29.941391403610645	22659	22847	0
27	30	27.091942249644887	29.944745587873033	23339	22847	0
28	30	28.20977616743608	29.946606885205522	24150	22847	0
29	30	29.093559681285512	29.9475499058629	24781	22847	0
30	30	30.15787686434659	29.91093980943835	25551	22823	0
31	30	31.045419588955966	29.919847643053213	26190	22831	0
32	30	32.032776988636364	29.90070129944398	26903	22815	0
2	31	1.9483348499644884	31.028674976245778	5218	23634	0
3	31	2.8401784723455252	30.991762453371344	5857	23609	0
4	31	3.8892895785245027	30.984605943834463	6611	23601	0
5	31	4.963914767178622	30.987701690948764	7389	23609	0
6	31	5.884855513139204	30.985188802083336	8053	23601	0
7	31	6.984152776544746	30.968464619404564	8847	23593	0
8	31	7.903679310191762	30.95083590670749	9511	23577	0
9	31	8.88135986328125	30.926584054757885	10215	23560	0
10	31	9.86184248490767	30.90960418426239	10920	23552	0
11	31	10.823691350763495	30.927403355503944	11616	23560	0
12	31	12.088341175426137	31.033519298106704	12526	23642	0
13	31	12.95462840687145	30.976913314681873	13148	23601	1
14	31	13.983922507546167	30.971076484199045	13894	23593	1
15	31	15.032180508700286	30.98517230609516	14647	23601	1
16	31	16.000991543856536	30.970950014956365	15344	23593	1
17	31	17.032824152166196	30.95485542915963	16089	23585	1
18	31	18.027231112393466	30.942928829708617	16802	23577	1
19	31	19.020861261541196	30.948009594066725	17523	23577	0
20	31	19.95237149325284	30.931821531003663	18194	23568	0
21	31	21.02073641690341	30.91329928561374	18964	23552	0
22	31	21.89401910955256	30.931780291033224	19595	23568	0
23	31	23.20004938299006	30.991344555004225	20537	23609	0
24	31	24.088970947265626	30.941677883938628	21176	23577	0
25	31	24.996480490944602	30.914786673880915	21832	23552	0
26	31	26.141119939630684	30.927425350154845	22659	23560	0
27	31	27.152569580078126	30.928384866800396	23388	23560	0
28	31	28.082298694957387	30.928390365463123	24052	23560	0
29	31	29.082737038352274	30.91906463348114	24773	23560	0
30	31	30.084340598366477	30.896344159100508	25502	23536	0
31	31	31.037620960582387	30.89320992134713	26182	23536	0
32	31	32.01733231977983	30.901820827174834	26894	23544	0
2	32	1.9722419045188209	32.03778955957912	5235	24371	0
3	32	2.857900862260298	32.016564721459744	5874	24355	0
4	32	3.9805912364612923	31.9779173704955	6676	24330	0
5	32	4.8461911288174715	31.963230442356423	7307	24314	0
6	32	5.924203075062144	31.945065610043642	8077	24306	0
7	32	6.9786096746271316	31.945445017771682	8839	24306	0
8	32	7.8693331631747165	31.92000820400479	9486	24281	0
9	32	8.873827570134944	31.904108820734802	10207	24273	0
10	32	9.836404696377842	31.92192173863317	10904	24289	0
11	32	10.812258356267757	31.931145745354733	11608	24289	0
12	32	12.088479891690342	32.0076183972058	12526	24347	0
13	32	13.067142555930399	31.991067422402878	13230	24338	1
14	32	13.865192482688212	31.969999296171178	13804	24322	1
15	32	14.985564908114348	31.9577977635839	14615	24314	1
16	32	16.050463312322446	31.9509739231419	15385	24306	1
17	32	17.042402510209516	31.961369145023934	16097	24314	0
18	32	18.03765702681108	31.92976283167934	16810	24289	0
19	32	18.92740534002131	31.925124709670612	17457	24289	0
20	32	20.013129216974434	31.894777590090094	18235	24265	0
21	32	20.92461991743608	31.904004346143022	18891	24273	0
22	32	21.85483731356534	31.93296305338542	19562	24297	0
23	32	23.19354081587358	32.00488006316864	20529	24347	0
24	32	24.175918301669036	31.984455280475792	21242	24330	0
25	32	24.95148093483665	31.94359746709601	21799	24297	0
26	32	26.179255814985797	31.931976043426243	22684	24289	0
27	32	27.1003456809304	31.900699649845162	23347	24273	0
28	32	28.126235684481536	31.885556332699892	24084	24257	0
29	32	29.08232088955966	31.912791209177932	24773	24281	0
30	32	30.01502685546875	31.88972981770834	25444	24265	0
31	32	31.132808061079547	31.88128112243103	26255	24257	0
32	32	32.05508533824574	31.885655308628948	26919	24257	0
2	33	1.9816253662109373	33.01062396625141	5235	25076	0
3	33	2.7533615112304686	33.00949674039274	5792	25076	0
4	33	3.968714349920099	33.00254643070806	6668	25076	0
5	33	4.949722012606534	32.997273213154564	7381	25068	0
6	33	5.96538515957919	32.990573092623876	8110	25059	0
7	33	6.949845470081677	32.9717979087486	8823	25051	0
8	33	7.8624056729403415	32.96985413147523	9478	25051	0
9	33	8.929964655095882	32.93950701189471	10248	25027	0
10	33	9.915753173828126	32.95199997360642	10961	25035	0
11	33	10.80352616743608	32.957264943165825	11600	25043	0
12	33	12.040721269087358	33.01966376777168	12493	25084	0
13	33	13.093186534534802	32.98267426361909	13246	25059	1
14	33	13.863225486061792	32.96463590054899	13804	25043	0
15	33	15.016157393022018	32.9798864416174	14639	25059	0
16	33	15.979075761274858	32.9985131615991	15327	25068	0
17	33	17.070234541459516	32.96600231823621	16114	25043	0
18	33	17.98685358220881	32.97661198796453	16777	25051	0
19	33	18.974399636008524	32.96696458421312	17490	25043	0
20	33	19.995370760830966	32.937197573550115	18227	25027	0
21	33	21.039388205788352	32.924432428033505	18981	25018	0
22	33	21.880657958984376	32.95149134730434	19587	25035	0
23	33	23.23329412286932	33.04075388865428	20562	25100	0
25	33	25.046387828480114	33.01012358794342	21864	25076	0
26	33	26.04530029296875	32.93552048141892	22585	25027	0
27	33	27.253813032670454	32.940249331362615	23454	25027	0
28	33	28.042439963600852	32.92015721776464	24027	25010	0
29	33	29.041219260475852	32.92147964615006	24748	25010	0
30	33	30.08597745028409	32.89403032182574	25502	24994	0
31	33	31.14340875799006	32.9096520226281	26264	25002	0
32	33	32.00845447887074	32.89524552628801	26886	24994	0
2	34	1.9936874389648436	34.044204849380634	5251	25829	0
3	34	2.777976018732244	34.02195451066301	5816	25813	0
4	34	3.9777974909002127	33.983645327456365	6676	25788	0
5	34	4.8949720902876415	33.98070354289837	7340	25780	0
6	34	5.9317201094193885	33.98467632671734	8086	25788	0
7	34	6.958429232510654	33.97031107034769	8823	25772	0
8	34	7.8503442937677566	33.96008355767877	9470	25772	0
9	34	8.921734619140626	33.9310203758446	10240	25747	0
10	34	9.840863037109376	33.94960310652449	10904	25764	0
11	34	10.792482965642757	33.95113173476211	11592	25764	0
12	34	12.106324351917614	33.990887066265486	12534	25788	0
13	34	13.031982144442473	34.0081886085304	13206	25805	0
14	34	13.868529996004973	33.99820028769003	13812	25797	0
15	34	15.040484064275569	33.95887935054195	14655	25764	0
16	34	16.040934892134235	34.08325360272382	15376	25854	0
17	34	16.948745450106536	33.954015783361484	16032	25764	0
19	34	19.090868585759946	33.9533971838049	17572	25764	0
20	34	19.96830721768466	33.901256114512954	18203	25723	0
21	34	21.081410910866477	33.91692455394848	19005	25739	0
22	34	21.85731756036932	33.96552723377675	19571	25772	0
23	34	23.194045743075286	34.03200606612472	20529	25821	0
24	34	24.0999267578125	34.022069982580234	21185	25813	0
25	34	24.966290283203126	33.987359674127255	21807	25788	0
26	34	26.175241366299716	33.947917766399215	22684	25756	0
27	34	27.105089777166196	33.9273802611205	23347	25747	0
28	34	28.107245427911934	33.918719867328264	24076	25739	0
29	34	29.05469970703125	33.94140185106982	24756	25756	0
30	34	30.064975807883524	33.91801328916807	25485	25739	0
31	34	31.124809681285512	33.9054076048705	26247	25731	0
32	34	32.057063432173294	33.92036396748311	26919	25739	0