x	y	new_x	new_y	pixel_x	pixel_y	selected
2	2	1.8742821433327415	2.0241722535551268	3441	3088	0
3	2	2.7142757068980825	1.989613668034586	4047	3064	0
4	2	3.774322509765625	1.9586167239071282	4817	3039	0
5	2	4.891521800648082	1.9650915938816715	5620	3047	0
6	2	5.952852422540838	1.9502497640888345	6382	3031	0
7	2	6.854466524991122	1.995523791366749	7037	3072	0
8	2	7.838356018066406	1.943758778089888	7741	3031	0
9	2	8.856883655894887	1.9920372437895018	8479	3064	0
10	2	9.879597056995738	1.9645518785112361	9216	3047	0
11	2	10.772990833629262	1.9538360938597263	9863	3039	0
12	2	11.95416259765625	2.088092521067416	10707	3138	0
13	2	13.015792846679688	2.0331485362535116	11477	3097	0
14	2	13.758438110351562	2.0130113923147825	12009	3080	0
15	2	15.010617342862217	2.004897488369031	12911	3072	0
16	2	15.98392139781605	2.0150896736745088	13615	3080	0
17	2	16.997670953924004	1.9985868646857445	14344	3072	0
18	2	17.973256891424004	1.9790926472524581	15049	3056	0
19	2	18.984942349520598	1.9862680499473317	15778	3064	0
20	2	20.034407182173297	1.979416339317065	16540	3056	0
21	2	20.828183260830965	2.0791361262289327	17105	3129	0
23	2	23.12559647993608	2.0752233612403446	18768	3129	0
24	2	24.03515625	2.0468454425254565	19423	3105	0
25	2	24.965997869318183	2.0102833265668894	20095	3080	0
26	2	26.125	2.007767512289326	20931	3080	0
27	2	27.0757529518821	2.0037313054116925	21610	3072	0
28	2	28.12379316850142	1.9861737540598667	22364	3064	0
29	2	29.09107832475142	1.9854817936929428	23069	3064	0
30	2	30.17243818803267	1.9799663415115873	23847	3056	0
31	2	31.08350441672585	1.968225303392732	24502	3047	0
32	2	31.95961969549006	1.9300076945444173	25133	3023	0
2	3	1.862505479292436	3.01542570992802	3432	3809	0
3	3	2.7604422135786577	2.9576987963044243	4080	3768	0
4	3	3.9216801036487925	2.957759488566538	4923	3768	0
5	3	4.910797812721946	2.9572657210103586	5636	3768	0
6	3	5.922929243607954	2.9624369074789327	6365	3777	0
7	3	6.889570062810725	2.9888085526027037	7062	3793	0
8	3	7.832581953568892	2.9592730232838838	7741	3768	0
9	3	8.83689325506037	2.987206208304073	8462	3793	0
10	3	9.866303877397018	2.9627211667178726	9208	3777	0
11	3	10.716201782226562	2.9006322967872196	9822	3727	0
12	3	11.9957538951527	3.041550471273701	10740	3834	0
13	3	12.987509987571023	2.9931358766020018	11452	3793	0
14	3	13.834535078568893	2.9590638578607797	12067	3768	0
15	3	14.940440784801137	2.9405468887157657	12861	3760	0
16	3	16.02198652787642	3.0211462128028446	13640	3817	0
17	3	17.021148681640625	3.0225798531864467	14361	3817	0
18	3	17.984667691317473	3.0012504663360255	15057	3801	0
19	3	19.012345747514203	2.9958694286560745	15802	3801	0
21	3	20.921891645951703	2.9442179133383077	17179	3760	0
22	3	21.871645840731535	2.9207639544197685	17859	3744	0
23	3	23.113825017755683	3.0782288283444523	18760	3858	0
24	3	24.089466441761363	3.009939746642381	19456	3809	0
25	3	24.94825051047585	2.9712825475114117	20079	3777	0
26	3	26.126026500355113	2.928321684076545	20931	3752	0
27	3	27.101321133700285	2.99955656930302	21627	3801	0
28	3	28.138336181640625	3.003756679577774	22381	3801	0
29	3	29.096241344105113	2.995988755815485	23069	3801	0
30	3	30.15549260919744	2.9910558807715946	23831	3793	0
31	3	31.097592440518465	2.9695824783839537	24510	3777	0
32	3	31.971380060369317	2.930159939540906	25141	3752	0
2	4	1.8698075034401633	4.095064244645365	3441	4596	0
3	4	2.6975059509277344	4.055757604020365	4039	4571	0
4	4	3.9149981412020596	4.056304863061798	4915	4571	0
5	4	4.923244129527699	4.056016146199087	5644	4571	0
6	4	5.833213806152344	4.057078432233146	6300	4571	0
7	4	6.917803677645597	4.0365377018960675	7078	4555	0
8	4	7.889597806063565	4.039876119206461	7782	4555	0
9	4	8.87467401677912	4.01797547072507	8487	4538	0
10	4	9.771380337801846	3.9856048926878516	9134	4522	0
11	4	10.77399375221946	3.960684718442767	9863	4497	0
12	4	12.002721613103693	4.086120879784059	10748	4596	0
13	4	12.965375033291904	4.067141689343399	11436	4579	0
14	4	13.79347783868963	4.030555570795295	12034	4555	0
15	4	15.030858820134943	4.028968656732795	12927	4547	0
16	4	15.929903897372158	4.021919439080056	13574	4547	0
17	4	17.04564736106179	4.022476984945576	14385	4547	0
19	4	19.029400912198152	4.006417195180829	15811	4530	0
21	4	20.92049616033381	3.9452174497454355	17179	4489	0
22	4	21.920848499644887	3.9331146583128516	17900	4481	0
23	4	23.074263139204547	4.066161697902037	18727	4579	0
24	4	24.100608132102273	4.049523102835323	19464	4563	0
25	4	24.940662730823863	4.034638754169593	20070	4555	0
26	4	26.13447432084517	4.016172533356742	20931	4538	0
27	4	27.057245427911933	3.9667073110516156	21602	4506	0
28	4	28.140505704012785	4.000822534454003	22381	4530	0
29	4	29.104278564453125	3.985150900851475	23077	4522	0
30	4	30.11747325550426	3.97813322945927	23806	4514	0
31	4	31.12160977450284	3.957031524315309	24527	4497	0
32	4	31.859696821732953	3.8746450359901687	25059	4440	0
2	5	1.8564144481312144	5.086331416783708	3432	5325	0
3	5	2.732863339510831	5.0715341632285815	4063	5308	0
4	5	3.8316470059481533	5.0417256901773175	4858	5292	0
5	5	4.882626620205966	5.039157413096911	5612	5284	0
6	5	5.933592362837358	5.043235795953301	6373	5292	0
7	5	6.821088617498225	5.039538025588132	7012	5284	0
8	5	7.932814858176491	5.017806766810042	7815	5267	0
9	5	8.831158724698154	5.00915280459972	8462	5267	0
10	5	9.852845625443893	4.987933829661166	9200	5251	0
11	5	10.754498568448154	4.990905350245787	9847	5251	0
12	5	11.962966918945312	5.099185832162922	10715	5333	0
13	5	13.000883622602982	5.001876591028792	11469	5259	0
14	5	13.811578924005682	5.00958005069347	12050	5267	0
15	5	14.951754483309658	4.991632285814607	12870	5251	0
16	5	16.031618985262785	5.022418007154143	13648	5276	0
17	5	16.988027399236504	5.025202307540379	14336	5276	0
18	5	18.057675448330965	4.989692190791784	15114	5251	0
19	5	18.97073641690341	5.011433736393961	15770	5267	0
20	5	19.98842412775213	4.977469386411517	16499	5243	0
21	5	20.945126620205965	4.950256621971559	17195	5218	0
24	5	24.05656016956676	5.068384337693118	19431	5308	0
25	5	25.009307861328125	5.028618904713834	20120	5276	0
26	5	26.06097412109375	5.016820603274228	20881	5267	0
27	5	27.129106001420453	5.00107421875	21651	5259	0
28	5	28.164622913707387	5.010749319698034	22397	5267	0
29	5	29.095447887073863	4.992602676220155	23069	5251	0
30	5	30.187056107954547	4.984624901246489	23855	5251	0
31	5	31.049066716974433	4.973367686753862	24478	5243	0
32	5	32.073084050958805	4.939353960015801	25215	5218	0
2	6	1.930852023037997	6.085780728800914	3482	6054	0
3	6	2.660112207586115	6.070975245786517	4014	6038	0
4	6	3.887992165305398	6.040695636192065	4899	6021	0
5	6	4.9579946344549	6.049870797489467	5669	6021	0
6	6	5.817459800026634	6.010718459225773	6283	5997	0
7	6	6.951763499866832	6.002171479985956	7102	5988	0
8	6	7.8584511496803975	5.956109139088834	7758	5956	0
9	6	8.928178267045455	5.985125526685393	8528	5980	0
10	6	9.81117803400213	5.990681783268961	9167	5980	0
11	6	10.731929432262074	5.965416657522823	9830	5964	0
12	6	11.982449618252842	6.036818189299509	10732	6013	0
13	6	13.101343328302557	5.967781941274579	11534	5964	0
14	6	13.806623979048295	5.955774474411868	12042	5956	0
15	6	15.002853393554688	5.9515301307935395	12911	5956	0
16	6	16.009084528142754	5.989794373244382	13631	5980	0
17	6	17.060379028320312	6.000689491529143	14393	5988	0
18	6	18.071523492986504	6.005565446146419	15122	5988	0
19	6	18.929494684392754	5.994861662789678	15737	5980	0
20	6	20.03890020197088	5.969014302800211	16540	5964	0
21	6	20.879067160866477	5.940770112798456	17146	5947	0
22	6	21.893776633522727	5.925802097963484	17875	5931	0
24	6	24.145163796164773	6.038131473841292	19497	6013	0
25	6	24.95798839222301	6.0186310843135535	20087	6005	0
26	6	26.10036121715199	6.012308802229635	20906	5997	0
27	6	27.1379921653054	6.0040786571717	21660	5988	0
28	6	28.146717418323863	6.002464311578301	22381	5988	0
29	6	29.153608842329547	5.97935118943118	23110	5972	0
30	6	30.119401411576703	5.982196524973666	23806	5972	0
31	6	31.09471823952415	5.933008361130618	24510	5939	0
32	6	32.060699462890625	5.795333622278792	25207	5841	0
2	7	1.8789194280450994	7.099315446146419	3449	6791	0
3	7	2.6882716092196377	7.068426170777739	4030	6767	0
4	7	3.9189605712890625	7.0623061962342	4915	6758	0
5	7	4.863722367720171	7.05345061227177	5603	6758	0
6	7	5.919858759099787	7.041936912965239	6357	6750	0
7	7	6.86313213001598	7.027806931399228	7037	6734	0
8	7	7.9298928000710225	7.026440841160464	7807	6734	0
9	7	8.88850264115767	7.00405945510007	8503	6717	0
10	7	9.762338811700994	6.982022334752458	9134	6701	0
12	7	11.986347545276988	7.052161330319523	10732	6758	0
13	7	13.028858531605113	7.027354311139396	11485	6734	0
14	7	13.815650246360086	7.0173027124297755	12050	6726	0
15	7	15.073258833451705	6.969053392731742	12960	6693	0
16	7	15.9692646373402	6.962956049201194	13607	6693	0
17	7	17.069324840198863	6.999966670689958	14402	6717	0
18	7	17.968353271484375	6.993431794241573	15049	6709	0
19	7	19.003240411931817	6.9785076698560395	15794	6701	0
20	7	20.019719904119317	6.968658378686798	16523	6693	0
21	7	20.87099942294034	6.945619321673104	17138	6676	0
22	7	21.88575051047585	6.923115865300211	17867	6660	0
23	7	23.08819580078125	7.055480545558287	18735	6758	0
24	7	24.129527698863637	7.046019410551264	19489	6750	0
25	7	24.97325272993608	7.024738028879916	20095	6734	0
26	7	26.0707480690696	7.020375729678722	20890	6734	0
28	7	28.14253651012074	6.992549870523175	22381	6709	0
29	7	29.13663274591619	6.983181316932936	23101	6701	0
30	7	30.130495938387785	6.993149935261587	23814	6709	0
31	7	31.14346868341619	6.963619206460675	24543	6693	0
32	7	32.00719382546165	6.915256731697683	25166	6652	0
2	8	1.8976381475275212	8.070811342389396	3457	7496	0
3	8	2.7360545071688565	8.060724768477879	4063	7487	0
4	8	3.8586980646306817	8.0513472996401	4874	7479	0
5	8	4.858980352228338	8.044819281074439	5595	7479	0
6	8	5.938708218661222	8.033702653177668	6373	7471	0
7	8	6.885309392755682	8.033311068074088	7053	7471	0
8	8	7.941151012073863	8.027889225991924	7815	7463	0
9	8	8.818782459605824	8.033272663930829	8454	7471	0
10	8	9.856199784712357	7.970356390449439	9200	7422	0
11	8	10.769048517400568	7.954597661736306	9855	7414	0
12	8	11.989811290394176	8.030969101123596	10740	7471	0
13	8	13.02058271928267	7.986284508865871	11477	7438	0
14	8	13.849549727006393	7.975395562675562	12075	7430	0
15	8	15.031710537997158	7.903337045733848	12927	7373	0
16	8	16.03160788796165	7.907694544417135	13648	7381	0
17	8	17.065859707919035	7.986670607663273	14393	7438	0
18	8	17.96717140891335	7.989515257417486	15049	7438	0
19	8	19.0154765735973	7.974504037921348	15802	7430	0
20	8	20.008905584161933	7.954327461156953	16515	7414	0
21	8	20.886113947088067	7.9268952444698035	17146	7389	0
22	8	21.857288707386363	7.915638029977178	17850	7381	0
23	8	23.07402177290483	8.059390910287922	18727	7487	0
24	8	24.154543789950285	8.033737628379566	19505	7471	0
25	8	24.992462158203125	8.018850536560745	20111	7463	0
26	8	26.065385298295453	8.007650242494734	20881	7455	0
27	8	27.1360556862571	8.004128033927318	21651	7447	0
28	8	28.143482555042613	7.992200804292486	22381	7438	0
29	8	29.159307306463067	7.979521264922753	23118	7430	0
30	8	30.09512883966619	7.982622399490871	23790	7430	0
31	8	31.11129483309659	7.9423549694961375	24519	7406	0
32	8	32.042017156427555	7.916475377457865	25190	7381	0
2	9	1.9088457280939275	9.094750839404846	3465	8241	0
3	9	2.876005692915483	9.090573703037219	4170	8241	0
4	9	3.9063540371981533	9.033749972568469	4907	8200	0
5	9	4.860835682262074	9.011051066537922	5595	8184	0
6	9	5.865521517666903	9.041229179468049	6324	8208	0
7	9	6.940372813831676	9.025570575842696	7094	8192	0
8	9	7.902019847523082	9.0179672412658	7791	8184	0
9	9	8.86604170365767	9.010369392995084	8487	8184	0
10	9	9.854653098366477	8.973869683769312	9200	8159	0
12	9	12.018253673206676	9.045230754037922	10756	8208	0
13	9	13.028554742986506	9.037610274754213	11485	8200	0
14	9	13.853009310635654	9.007997251360605	12083	8184	0
15	9	15.007356123490768	9.007232597436799	12911	8184	0
16	9	16.06283291903409	9.012074948428722	13672	8184	0
17	9	17.02254139293324	9.004005277826545	14361	8176	0
18	9	18.00374950062145	8.984964366441362	15073	8167	0
19	9	19.061778675426137	8.98360444829705	15835	8159	0
20	9	19.99871687455611	8.961805296479985	16507	8151	0
21	9	20.938656893643465	8.933225070224719	17187	8126	0
22	9	21.892120361328125	8.927841632285816	17875	8118	0
23	9	23.14777998490767	9.041492522164678	18784	8208	0
24	9	24.147943670099433	8.979734545075491	19505	8159	0
25	9	24.95459816672585	9.049956521023525	20087	8208	0
26	9	26.10738858309659	8.860070663623596	20914	8069	0
27	9	27.117908824573863	8.980787230073735	21643	8159	0
28	9	28.173595081676137	8.979115964053722	22405	8159	0
29	9	29.099326393821023	8.9700957909059	23069	8151	0
30	9	30.163346724076703	8.950493904713834	23839	8135	0
31	9	31.09940130060369	8.93179657325316	24510	8126	0
32	9	32.03531716086648	8.90472988171524	25190	8102	0
2	10	1.9403201016512783	10.091706625263342	3490	8970	0
3	10	2.7734073292125356	10.054989521155196	4096	8946	0
4	10	3.8412648981267754	10.038430477528088	4866	8929	0
5	10	4.9281394264914775	10.038108157040027	5644	8929	0
6	10	5.917849454012784	10.036481467257724	6357	8929	0
7	10	6.966566606001421	10.0119110450316	7119	8913	0
8	10	7.771059903231534	10.017228647296347	7692	8913	0
9	10	8.932701804421164	9.985043232092696	8536	8897	0
10	10	9.844051014293324	9.966873957601825	9191	8880	0
11	10	10.797207919034092	9.968558253599015	9880	8880	0
13	10	12.99991815740412	10.055860472261235	11461	8946	0
14	10	13.847489790482955	10.026975070224719	12075	8921	0
15	10	14.982488458806818	10.01034333304073	12894	8913	0
16	10	16.08100752397017	9.94137086332514	13689	8864	0
17	10	17.033246127041902	10.000467981917133	14369	8905	0
18	10	18.005813598632812	9.981586859199437	15073	8888	0
19	10	19.055641867897727	9.986590370435392	15827	8897	0
20	10	19.982771439985797	9.980222140537219	16499	8888	0
21	10	20.977494673295453	9.952023898349719	17220	8872	0
22	10	21.920041170987215	9.91681552844101	17891	8839	0
24	10	24.169056285511363	10.007683846120083	19513	8913	0
25	10	24.93560791015625	9.990879290291431	20070	8897	0
26	10	26.1238320090554	9.9433075294066	20922	8864	0
27	10	27.069175026633523	9.97641052931882	21610	8888	0
28	10	28.1734619140625	9.970697913009127	22405	8880	0
29	10	29.1675498268821	9.955230644311797	23118	8872	0
30	10	30.122397682883523	9.952407939782303	23806	8872	0
31	10	31.11972600763494	9.920204694083566	24527	8847	0
32	10	32.054540460759945	9.901378434427668	25199	8831	0
2	11	1.9523013721812854	11.011717652738763	3498	9642	0
3	11	2.7475766268643467	10.998381813992275	4071	9634	0
4	11	3.912257107821378	11.025023316801263	4915	9650	0
5	11	4.904527143998579	11.054995007461375	5628	9675	0
6	11	5.906011408025568	11.041580988851825	6349	9667	0
7	11	6.949940074573863	11.017103833830758	7102	9642	0
8	11	7.878691933371804	11.034362381495786	7774	9658	0
9	11	8.868975552645596	10.992906480424859	8487	9626	0
10	11	9.81145546653054	10.985140614027387	9167	9626	0
11	11	10.843088323419744	10.98209571409761	9912	9617	0
12	11	12.0299335826527	11.059689913974719	10764	9675	0
13	11	13.090064308860086	11.006459028265448	11526	9634	0
14	11	13.7854961048473	10.988684767819521	12034	9626	0
15	11	15.014584628018467	10.924804961815308	12919	9576	0
16	11	16.040910200639203	11.00140476869733	13656	9634	0
17	11	17.0438232421875	10.999647779143258	14377	9634	0
18	11	18.023122614080254	10.989351354020364	15090	9626	0
19	11	19.03763372247869	10.983673027124297	15819	9617	0
20	11	20.05483453924006	10.962061095505616	16548	9609	0
21	11	20.989662863991477	10.969161747278791	17228	9609	0
22	11	21.88211614435369	10.923089119557583	17867	9576	0
24	11	24.160528009588067	11.020051351825842	19513	9650	0
25	11	24.96132313121449	10.974728976474719	20087	9617	0
26	11	26.112260298295453	10.962224313114465	20914	9609	0
27	11	27.152232776988637	10.96783543275983	21668	9609	0
28	11	28.142392245205965	10.974962144487359	22381	9617	0
29	11	29.127316561612215	10.953494228405898	23093	9601	0
30	11	30.16354924982244	10.953798718398875	23839	9601	0
31	11	31.119623357599433	10.922543232092696	24527	9576	0
32	11	32.022186279296875	10.910023481390448	25174	9568	0
2	12	1.9476481239117485	11.99617636620375	3498	10363	0
3	12	2.7916942943226206	12.032373595505616	4104	10387	0
4	12	3.9157881303267046	12.046754575579353	4915	10396	0
5	12	4.914690191095525	12.024141393082864	5636	10379	0
6	12	5.924754056063565	12.006649677405196	6365	10363	0
7	12	6.936300104314631	11.99945713000351	7094	10363	0
8	12	7.88393818248402	12.011321267117275	7774	10371	0
9	12	8.925370649857955	11.978651685393258	8528	10346	0
10	12	9.85246415571733	11.980355183462077	9200	10346	0
12	12	12.036822232333096	12.076834620786515	10772	10420	0
13	12	12.991932262073863	12.04010654406601	11461	10387	0
14	12	13.919441916725852	12.009479239817415	12124	10371	0
15	12	14.991131869229404	12.010015526246487	12902	10371	0
16	12	16.024756691672586	11.991416948297049	13648	10355	0
17	12	17.090057373046875	11.999533938290027	14410	10363	0
18	12	17.943364923650567	11.974054160814605	15032	10346	0
19	12	19.13585038618608	11.978613281249999	15884	10346	0
20	12	19.95257568359375	11.968810623683286	16474	10338	0
21	12	20.96333729137074	11.94097996400983	17203	10322	0
22	12	21.922177401455965	11.957983398437499	17900	10330	0
23	12	23.108795166015625	12.063036560744381	18751	10412	0
24	12	24.18333018909801	12.025770826018258	19530	10379	0
25	12	24.91274746981534	12.002444423718398	20054	10363	0
26	12	26.169131192294035	11.977938465589887	20955	10346	0
27	12	27.115883567116477	12.001252523700842	21643	10363	0
28	12	28.192493785511363	11.986590370435392	22413	10355	0
29	12	29.164736661044035	11.961875932672049	23118	10338	0
30	12	30.133278586647727	11.956006956636235	23814	10330	0
31	12	31.16602394797585	11.94367648349719	24560	10322	0
32	12	32.017425537109375	11.942989323648174	25174	10322	0
2	13	1.9318306662819602	13.119268455933987	3490	11182	0
3	13	2.7681007385253906	13.083281030547752	4088	11149	0
4	13	3.8860057484019888	13.080458326018258	4891	11149	0
5	13	4.920876936479048	13.033754773086375	5644	11117	0
6	13	5.957008361816406	13.05900001097261	6390	11133	0
7	13	6.937531211159446	13.058340282654493	7094	11133	0
8	13	7.899991815740412	13.050481149051965	7791	11125	0
9	13	8.937667846679688	13.050024414062499	8536	11125	0
10	13	9.827930797230113	13.03534305872542	9175	11117	0
11	13	10.897250088778408	13.037791322858146	9945	11117	0
12	13	12.033329356800426	13.05206669153792	10764	11133	0
13	13	13.116846257990057	13.022259590063202	11551	11108	0
14	13	13.813806707208807	12.992796754301263	12050	11084	0
15	13	15.034530639648438	12.997248891766152	12935	11092	0
16	13	16.00223055752841	12.984734627370083	13631	11084	0
17	13	17.035632046786223	12.938587934515448	14377	11043	0
18	13	18.06838711825284	12.963292771242976	15122	11067	0
19	13	19.003612171519887	12.980150818556881	15794	11076	0
20	13	20.035265835848723	12.946552679511937	16540	11051	0
21	13	20.907492897727273	12.94464755969101	17162	11051	0
22	13	21.99503118341619	12.962804489992976	17949	11067	0
23	13	23.14952226118608	13.032667112886235	18784	11117	0
24	13	24.186737060546875	12.960976178458566	19530	11059	0
25	13	24.960710005326703	12.950906063465588	20087	11059	0
26	13	26.115289861505683	13.015138364641853	20922	11100	0
27	13	27.159440474076703	12.938136685832163	21676	11043	0
29	13	29.169938520951703	12.941401038009127	23118	11051	0
30	13	30.158402876420453	12.94990206943469	23831	11051	0
31	13	31.132523970170453	12.920739608936094	24535	11035	0
32	13	32.04675847833807	12.919318655635532	25199	11035	0
2	14	1.9079801386052913	14.05523777650983	3465	11862	0
3	14	2.7622639049183237	14.02948368372542	4088	11846	0
4	14	3.9095264781605112	14.023566702510532	4915	11837	0
5	14	4.898105968128551	14.006031096383426	5628	11821	0
6	14	5.94616074995561	14.004493559076543	6382	11821	0
7	14	6.880077708851207	13.981707557935392	7053	11805	0
8	14	7.972493951970881	13.966701138957163	7840	11796	0
9	14	8.833432284268467	13.963609605424859	8462	11796	0
10	14	9.850662231445312	13.946574624736657	9191	11780	0
11	14	10.786711259321732	13.947725377457864	9871	11780	0
12	14	12.02794161709872	14.012060546874999	10764	11829	0
13	14	13.104726617986506	13.963029428546347	11543	11796	0
14	14	13.807256525213068	13.968998529669943	12050	11796	0
15	14	15.025190873579545	13.960887025983146	12927	11788	0
16	14	16.048406427556817	13.932643521769663	13664	11772	0
17	14	17.224734219637785	13.87396610560042	14508	11731	0
18	14	17.96989579634233	13.917513660902387	15049	11764	0
19	14	19.09861200506037	13.947942086551965	15860	11780	0
20	14	19.993702281605113	13.91998387025983	16507	11764	0
21	14	20.91622369939631	13.903339788886937	17170	11747	0
22	14	21.904857288707387	13.855936731917133	17883	11715	0
24	14	24.171444979580965	13.901242648349719	19522	11747	0
25	14	25.044677734375	13.858390482356038	20144	11715	0
26	14	26.132110595703125	13.870771703827247	20931	11723	0
27	14	27.150390625	13.918856434339887	21668	11764	0
28	14	28.217079856178977	13.933135917749297	22438	11772	0
29	14	29.125344016335227	13.92136779099368	23093	11764	0
30	14	30.163191361860797	13.919359802931881	23839	11764	0
31	14	31.156055797230113	13.903310985779493	24551	11747	0
32	14	32.02548495205966	13.868269948209269	25182	11723	0
2	15	1.9245099154385654	15.038467510094803	3482	12575	0
3	15	2.716001337224787	15.013673520891853	4055	12558	0
4	15	3.91446269642223	14.989408960235252	4915	12542	0
5	15	4.931025418368253	14.98566044153792	5644	12542	0
6	15	5.981093666770241	14.983640109287219	6406	12534	0
7	15	6.915027271617543	14.983006440923454	7078	12534	0
8	15	7.900747125799006	14.978673630617976	7791	12534	0
9	15	8.944093184037643	14.959064200754915	8544	12517	0
10	15	9.80672801624645	14.941103405898875	9159	12509	0
11	15	10.821813409978693	14.907868734638342	9896	12485	0
12	15	12.04083945534446	15.028956998332163	10772	12567	0
13	15	13.06138888272372	14.97285677449087	11510	12526	0
14	15	13.862516923384232	14.961911593662219	12083	12526	0
15	15	15.058685302734375	14.973596054248594	12952	12534	0
16	15	16.009289828213777	14.954248595505616	13631	12517	0
17	15	17.103643243963067	14.932879432935392	14426	12501	0
18	15	17.966229525479402	14.936194533444521	15049	12501	0
19	15	19.1102294921875	14.924708951457163	15868	12493	0
20	15	19.966982754794035	14.839037537306881	16490	12435	0
21	15	20.99344426935369	14.895764571629213	17228	12476	0
22	15	21.95344959605824	14.87972535551264	17916	12460	0
23	15	23.14369617808949	14.983168286955758	18776	12534	0
24	15	24.19300148703835	14.949653814080055	19530	12509	0
25	15	25.02440573952415	14.935563608233847	20136	12501	0
26	15	26.039059725674715	14.919948209269663	20865	12493	0
27	15	27.2237021706321	14.89692629696278	21717	12476	0
28	15	28.13976218483665	14.871829189343398	22381	12452	0
29	15	29.19716297496449	14.880644311797752	23142	12460	0
30	15	30.13674649325284	14.88180329397823	23822	12460	0
31	15	31.14656483043324	14.867438772823032	24543	12452	0
32	15	32.09131969105113	14.849377852879213	25231	12435	0
2	16	1.9396806196732954	16.000315736920644	3490	13279	0
3	16	2.7638248096812856	15.983014670382724	4088	13263	0
4	16	3.912103132768111	15.940340809339887	4915	13238	0
5	16	4.93636044588956	15.928563081548454	5652	13230	0
6	16	5.938736655495384	15.898140142205055	6373	13206	0
7	16	6.944324840198863	15.933662603142555	7102	13230	0
8	16	7.933040272105824	15.938128456372892	7815	13230	0
9	16	8.884532581676137	15.930428425649577	8495	13230	0
10	16	9.850190596147018	15.908214371927668	9191	13214	0
12	16	12.044186678799717	16.010059416695928	10772	13287	0
13	16	13.116430109197443	15.997781063465588	11551	13279	0
14	16	13.823339288884943	15.983282127808987	12059	13263	0
15	16	15.030706232244318	15.946935349367976	12927	13238	0
16	16	16.047895951704547	15.947077993328652	13664	13238	0
17	16	17.101916226473723	15.935241287745786	14418	13230	0
18	16	17.97943115234375	15.936876206987359	15057	13230	0
19	16	19.00380359996449	15.894830528002105	15794	13206	0
20	16	20.04711775346236	15.898232037833566	16548	13206	0
21	16	20.97970858487216	15.878312631671347	17220	13189	0
22	16	21.88479336825284	15.866182408707864	17867	13181	0
23	16	23.201676802201703	15.963881177580758	18817	13255	0
24	16	24.17423040216619	15.917152936271066	19522	13222	0
25	16	24.964804909446023	15.911013759655898	20087	13214	0
26	16	26.180719549005683	15.908000405986657	20963	13214	0
27	16	27.08010586825284	15.87593020321278	21619	13189	0
28	16	28.267092618075285	15.819063268082864	22471	13148	0
29	16	29.142955433238637	15.861200842696627	23101	13181	0
30	16	30.20564131303267	15.82711853713132	23871	13156	0
31	16	31.072509765625	15.844275588132021	24494	13165	0
32	16	32.16566883433949	15.76969337034761	25281	13107	0
2	17	1.9715603915127842	17.032339306091995	3514	14033	0
3	17	2.7171207774769175	17.013022022033006	4055	14017	0
4	17	3.975644891912287	16.993691022208566	4956	14000	0
5	17	4.886724298650568	16.981810426176263	5620	13992	0
6	17	5.977281050248579	16.962251744645364	6406	13984	0
7	17	6.902327104048296	16.959648492363062	7070	13976	0
8	17	7.944874156605113	16.964340655723312	7823	13984	0
9	17	8.91766357421875	16.8834382132198	8520	13926	0
10	17	9.804791537198154	16.90146484375	9159	13935	0
11	17	10.82193409312855	16.894676911429073	9896	13935	0
13	17	13.061395818536932	17.000761499297752	11510	14008	0
14	17	13.852981567382812	16.979082360428368	12083	13992	0
15	17	15.090703790838068	16.938950030723312	12968	13959	0
16	17	16.044687444513496	16.929731664764745	13656	13959	0
17	17	17.0472675670277	16.902065594276685	14385	13935	0
18	17	18.080318104137074	16.881685338395364	15131	13918	0
19	17	19.05208934437145	16.91373085279143	15827	13943	0
20	17	20.070553866299715	16.891315177317416	16564	13926	0
21	17	20.89321621981534	16.86201418758778	17154	13910	0
22	17	21.945953369140625	16.837004860867275	17916	13885	0
23	17	23.09267078746449	16.95149995610955	18743	13976	0
24	17	24.172740589488637	16.932958984375	19522	13959	0
25	17	24.97289206764915	16.911174234111655	20095	13943	0
26	17	26.17955155806108	16.911480095681178	20963	13943	0
27	17	27.1206748268821	16.923458073648174	21643	13951	0
28	17	28.21061290394176	16.900117955582864	22430	13935	0
29	17	29.15529840642756	16.904649644487357	23110	13935	0
30	17	30.15707120028409	16.90740514176615	23831	13943	0
31	17	31.18199851296165	16.863566812236655	24576	13910	0
32	17	32.02152321555398	16.837162592169943	25174	13885	0
2	18	1.9591879411177202	18.031246159585674	3506	14762	0
3	18	2.77548529885032	18.027998266327245	4096	14754	0
4	18	3.8806991577148438	17.994518082865167	4891	14729	0
5	18	4.995128978382457	17.9843231544066	5693	14729	0
6	18	5.929541154341265	17.985700217257722	6365	14729	0
7	18	6.948683998801491	17.973975980951543	7102	14721	0
8	18	7.916647477583452	17.97383608014396	7799	14721	0
9	18	8.976959228515625	17.93253242406952	8561	14688	0
10	18	9.80241671475497	17.912016382110252	9159	14672	0
11	18	10.793826016512783	17.916805927405196	9871	14672	0
13	18	13.037511652166193	18.006527607092696	11493	14737	0
14	18	13.869793978604404	17.9946044921875	12091	14729	0
15	18	15.075342351740057	17.949187478054775	12960	14696	0
16	18	15.985436179421164	17.916653682408707	13615	14672	0
17	18	17.126137473366477	17.867356478230334	14442	14639	0
18	18	18.016799926757812	17.90258816494031	15081	14664	0
19	18	19.081253051757812	17.898655854985954	15852	14664	0
20	18	20.02557234330611	17.891496225421346	16531	14655	0
21	18	20.94990400834517	17.86264374122191	17195	14639	0
22	18	21.94141457297585	17.835176549332864	17908	14615	0
23	18	23.130615234375	17.966846526070928	18768	14713	0
24	18	24.146237460049715	17.9685486525632	19497	14713	0
25	18	24.965817538174715	17.933135917749297	20087	14688	0
26	18	26.177223899147727	17.909697046172752	20963	14672	0
27	18	27.162214799360797	17.901726814870084	21676	14664	0
28	18	28.187103271484375	17.92369535639045	22413	14680	0
29	18	29.125302401455965	17.896074547928368	23093	14664	0
30	18	30.206615101207387	17.895737140098312	23871	14664	0
31	18	31.14836259321733	17.867669197682584	24551	14639	0
32	18	32.04739657315341	17.85824098051264	25199	14631	0
2	19	1.9712250449440696	19.022319939431178	3514	15483	0
3	19	2.744584170254794	19.01756742670295	4071	15475	0
4	19	3.9523259943181817	18.986605457777387	4940	15458	0
5	19	4.963836669921875	18.980322265625	5669	15450	0
6	19	5.942317615855824	18.987140372629916	6373	15458	0
7	19	6.94089785489169	18.9715057715941	7094	15442	0
8	19	7.960607355291193	18.958057463570928	7832	15434	0
9	19	8.94816728071733	18.935809120435394	8544	15417	0
10	19	9.78949668190696	18.915625	9150	15401	0
11	19	10.845708673650568	18.890160309866573	9912	15385	0
12	19	12.021367853338068	19.0097412109375	10756	15475	0
13	19	13.087765780362217	18.976073121488763	11526	15450	0
14	19	13.848237471147018	18.979064529933286	12075	15450	0
15	19	15.054346257990057	18.945174245084267	12943	15426	0
16	19	16.013666326349433	18.896029285902387	13640	15393	0
17	19	17.1305625221946	18.84945191801264	14442	15360	0
18	19	18.02360118519176	18.91351963000351	15090	15401	0
19	19	19.01190324263139	18.90007269355688	15802	15393	0
20	19	20.08345447887074	18.88482762025983	16572	15385	0
21	19	20.92926025390625	18.864271802580756	17179	15368	0
22	19	21.91788829456676	18.845072474104633	17891	15352	0
24	19	24.12056385387074	18.970047785726823	19481	15442	0
25	19	25.105357776988637	18.93904055477528	20193	15417	0
26	19	26.128800825639203	18.93128428941362	20931	15417	0
27	19	27.152266068892047	18.844767984111655	21668	15352	0
28	19	28.2343222878196	18.907564244645364	22446	15401	0
29	19	29.122858220880683	18.8961335257198	23085	15393	0
30	19	30.230363325639203	18.904437050122894	23888	15393	0
31	19	31.091225363991477	18.885003182057584	24510	15385	0
32	19	32.146240234375	18.836559098490167	25264	15344	0
2	20	1.952387723055753	20.054054105951543	3498	16237	0
3	20	2.7711681019176138	20.016293232092696	4088	16204	0
4	20	4.017201510342685	20.00752748639396	4989	16204	0
5	20	4.866593794389204	19.937749901246487	5603	16146	0
6	20	6.025616038929332	19.97214081153441	6439	16171	0
7	20	6.896378257057884	19.979366276773174	7062	16179	0
8	20	7.990072770552202	19.954189617714185	7856	16163	0
9	20	8.924693714488637	19.93070411253511	8528	16146	0
10	20	9.791283347389914	19.901754246400984	9150	16122	0
11	20	10.85037647594105	19.89987518653441	9912	16122	0
12	20	12.063102028586648	20.016792485955055	10789	16204	0
13	20	13.063382235440342	19.982526389132722	11510	16179	0
14	20	13.878645463423295	19.967633811007722	12100	16171	0
15	20	15.05009599165483	19.95553650588132	12943	16163	0
16	20	16.0386435768821	19.930451742450842	13656	16146	0
17	20	17.08357793634588	19.919701325491573	14410	16138	0
18	20	18.05645058371804	19.91437137903792	15106	16130	0
19	20	19.070498379794035	19.913164391678368	15843	16130	0
20	20	20.01923301003196	19.890478515625	16523	16114	0
21	20	21.038063742897727	19.860527398613062	17261	16089	0
22	20	21.909989790482953	19.841249890273875	17891	16081	0
24	20	24.18910633433949	19.966691537921346	19530	16171	0
25	20	25.002269398082387	19.945126239905196	20120	16155	0
26	20	26.1316445090554	19.933345768960674	20931	16146	0
27	20	27.18080000443892	19.912577356917133	21684	16130	0
28	20	28.20263671875	19.91244019926264	22422	16130	0
29	20	29.13593916459517	19.912272866924155	23093	16130	0
30	20	30.15138105912642	19.90156222568469	23831	16122	0
31	20	31.22422374378551	19.886540719364465	24601	16114	0
32	20	32.06439486416903	19.864772428019663	25207	16097	0
2	21	1.9084392894398083	21.057374692766853	3465	16966	0
3	21	2.8118573969060723	21.019713943995786	4121	16941	0
4	21	3.9011993408203125	21.009029362710674	4907	16933	0
5	21	4.972138144753196	20.987498354108144	5677	16916	0
6	21	6.000172008167613	20.97372772559691	6423	16908	0
7	21	6.918170582164418	20.969876338658707	7078	16900	0
8	21	7.9734413840553975	20.968466357970506	7840	16900	0
9	21	8.916800759055398	20.942730095681178	8520	16884	0
10	21	9.964028098366477	20.9692536429073	9273	16900	0
11	21	10.882267345081676	20.93075623244382	9937	16876	0
12	21	12.050617564808238	21.005422116397472	10781	16925	0
13	21	13.083675037730824	20.99268565660112	11526	16916	0
14	21	13.86571572043679	20.984102330582864	12091	16908	0
15	21	15.026473999023438	20.960588022296346	12927	16892	0
16	21	16.08746337890625	20.925500351123596	13689	16867	0
17	21	17.078223488547586	20.895660331811797	14402	16851	0
18	21	17.964473377574574	20.942143060919943	15041	16884	0
19	21	19.103716763583098	20.917657676439607	15868	16867	0
20	21	20.116412076083098	20.91223171962781	16597	16859	0
21	21	20.930858265269887	20.880998178546346	17179	16835	0
22	21	21.928070068359375	20.858622278792133	17900	16818	0
23	21	23.12926413796165	20.968556882022472	18768	16900	0
24	21	24.188759543678977	20.965594276685394	19530	16900	0
25	21	25.00734363902699	20.940862008426965	20120	16884	0
26	21	26.167430530894887	20.921591357970506	20955	16867	0
27	21	27.145768599076703	20.913523744733144	21660	16859	0
28	21	28.231867009943183	20.8992401465941	22446	16851	0
29	21	29.180303400213067	20.91416015625	23126	16859	0
30	21	30.149308638139203	20.900932672050562	23831	16851	0
31	21	31.18246737393466	20.876875219452245	24576	16835	0
32	21	32.0656211159446	20.86236942591292	25207	16826	0
2	22	2.0032983259721235	22.03500702247191	3539	17678	0
3	22	2.777644070712003	22.02301670031601	4096	17670	0
4	22	3.904153997247869	21.992370193995786	4907	17646	0
5	22	4.966135892001065	21.96496335147472	5677	17629	0
6	22	5.991480740633878	21.941432584269663	6414	17613	0
7	22	6.964245189319957	21.97033718837781	7111	17629	0
8	22	7.914242137562145	21.970490804950842	7799	17629	0
9	22	8.961624145507812	21.931356982970506	8552	17605	0
10	22	9.806829279119318	21.887167529845506	9167	17572	0
11	22	10.799602161754262	21.915748441889043	9880	17588	0
12	22	12.0599628795277	22.00502435919944	10789	17654	0
13	22	13.079369284889914	22.00424256056882	11518	17654	0
14	22	13.90422335537997	21.98029757724719	12116	17637	0
15	22	15.072203202681107	21.924759699789323	12960	17596	0
16	22	16.041886763139203	21.951351825842696	13656	17621	0
17	22	17.118273648348723	21.95812467082163	14434	17621	0
18	22	18.0236122824929	21.95441867099719	15090	17621	0
19	22	19.08462940562855	21.939940308988763	15852	17613	0
20	22	20.044287941672586	21.905626206987357	16540	17588	0
21	22	20.95250632546165	21.8699432715941	17195	17555	0
22	22	21.956787109375	21.846415247542133	17924	17539	0
23	22	23.14267245205966	21.99073253160112	18776	17646	0
25	22	25.05110029740767	21.909699789325842	20152	17588	0
26	22	26.18008700284091	21.882098182935394	20963	17564	0
27	22	27.1954872824929	21.890651334269663	21701	17572	0
28	22	28.189686168323863	21.817631342169943	22413	17523	0
29	22	29.2011191628196	21.891523656952245	23142	17572	0
30	22	30.1872031471946	21.90430949350421	23855	17580	0
31	22	31.151971990411933	21.88710718047753	24551	17572	0
32	22	32.10453102805398	21.852732729108144	25240	17547	0
2	23	1.9532616355202415	23.03692174332865	3498	18407	0
3	23	2.8109956221147017	23.031301022647472	4121	18407	0
4	23	3.925174366344105	23.01252688290028	4923	18391	0
5	23	4.967440518465909	22.9609528616573	5677	18350	0
6	23	6.019493103027344	22.86386444434691	6431	18285	0
7	23	6.93984638560902	22.952322902036517	7094	18350	0
8	23	7.962246981534091	22.955718925561797	7832	18350	0
9	23	8.946992353959518	22.92801582250702	8544	18326	0
10	23	9.836969549005682	22.895235143082864	9183	18309	0
11	23	10.812006170099432	22.920115541608144	9888	18326	0
12	23	12.111418290571732	23.003115124648875	10822	18383	0
14	23	13.84524952281605	22.974084335498596	12075	18366	0
15	23	15.049308083274148	22.95582042222612	12943	18350	0
16	23	16.08597356622869	22.96270299332865	13689	18358	0
17	23	17.11635381525213	22.968227703651685	14434	18358	0
18	23	18.07651866566051	22.961117450842696	15122	18350	0
19	23	19.06150263006037	22.9490174025632	15835	18342	0
20	23	20.08281083540483	22.90775215063202	16572	18317	0
21	23	20.963179154829547	22.876345790905898	17203	18293	0
22	23	21.95451493696733	22.865219561973312	17916	18285	0
23	23	23.16721135919744	22.96469452247191	18792	18358	0
24	23	24.190487948330965	22.97838285639045	19530	18366	0
25	23	25.0393759987571	22.94803261060393	20144	18342	0
26	23	26.147166859019887	22.91607762025983	20939	18317	0
27	23	27.178366921164773	22.856471646769663	21684	18276	0
28	23	28.244795365767047	22.917750943644663	22454	18326	0
29	23	29.13419133966619	22.911537701896066	23093	18317	0
30	23	30.239968039772727	22.889773525280898	23896	18301	0
31	23	31.1749794699929	22.879610143082864	24568	18293	0
32	23	32.08758267489347	22.870220330056178	25223	18285	0
2	24	1.8754431984641335	24.032250153616573	3449	19137	0
4	24	3.9810256958007812	24.000415862008428	4964	19112	0
5	24	5.016746520996094	23.980212539501405	5710	19096	0
6	24	5.964893687855113	23.9897614554073	6390	19104	0
7	24	7.008148193359375	23.96586584884129	7143	19087	0
8	24	7.955362493341619	23.96297456548455	7832	19087	0
9	24	9.041738336736506	23.882210652212077	8610	19022	0
11	24	10.792950716885654	23.900252370084267	9871	19038	0
12	24	12.029029152610086	24.025032917837077	10764	19128	0
13	24	13.056784889914773	24.01500395014045	11502	19120	0
14	24	13.945558027787643	23.982856939080055	12149	19096	0
15	24	15.062584616921164	23.95839349982444	12952	19079	0
16	24	16.06457380814986	23.96908356741573	13672	19087	0
17	24	17.117516257546164	23.97809482531601	14434	19096	0
18	24	18.098832563920453	23.954498222436797	15139	19079	0
19	24	19.091996626420453	23.967794285463484	15860	19087	0
20	24	20.035648692737926	23.917890844452245	16540	19055	0
21	24	21.01662653142756	23.87261510270365	17244	19022	0
22	24	21.96527099609375	23.86999264834972	17924	19014	0
24	24	24.1985556862571	23.966502260358144	19538	19087	0
25	24	25.035222833806817	23.95586979898174	20144	19079	0
26	24	26.16152676669034	23.931664216116573	20955	19063	0
27	24	27.27815662730824	23.836611218398875	21758	18989	0
28	24	28.16407082297585	23.892777277914323	22397	19030	0
29	24	29.206093528053977	23.889370281776685	23151	19030	0
30	24	30.254738547585227	23.908577839712077	23904	19046	0
31	24	31.14817393909801	23.893054336376405	24551	19030	0
32	24	32.09880482066762	23.838676812675562	25231	18997	0
2	25	1.9272932572798296	25.057832799332864	3482	19882	0
3	25	2.855912988836115	25.031789303897472	4153	19866	0
4	25	3.8898565118963067	24.991434778792133	4899	19833	0
5	25	5.050830494273793	24.958632154143256	5734	19808	0
6	25	5.916462291370738	24.953304950842696	6357	19808	0
7	25	6.978913740678267	24.96298828125	7127	19816	0
8	25	7.949878345836293	24.98980808900983	7823	19833	0
9	25	8.890282370827414	24.943270496839887	8503	19800	0
10	25	9.973539872602982	24.956766810042133	9282	19808	0
11	25	10.783563787286932	24.924046479985954	9863	19784	0
12	25	12.0191650390625	25.01326753423455	10756	19849	0
13	25	13.113751498135654	25.051158707865167	11551	19874	0
14	25	13.910776311700994	24.99298466028792	12124	19833	0
15	25	15.085859818892045	24.963586288623596	12968	19816	0
16	25	16.048249678178266	24.931206109550562	13664	19792	0
17	25	17.112442016601562	24.904641415028088	14426	19767	0
18	25	18.100746848366477	24.962165335323032	15139	19816	0
19	25	19.070187655362215	24.948293210147472	15843	19800	0
20	25	20.03801796653054	24.90663843047753	16540	19775	0
21	25	21.02705799449574	24.90608157040028	17252	19775	0
22	25	21.94530417702415	24.90162394662921	17916	19767	0
23	25	23.169755415482953	24.97491551088483	18792	19825	0
24	25	24.239776611328125	24.958676044592696	19571	19808	0
25	25	24.966164328835227	24.950413667485954	20095	19800	0
26	25	26.201216264204547	24.9338532522823	20980	19792	0
27	25	27.18891768022017	24.927944500526685	21692	19784	0
28	25	28.2476806640625	24.80350684691011	22454	19694	0
29	25	29.202273282137785	24.891828146945222	23142	19759	0
30	25	30.20469249378551	24.904548147823032	23871	19767	0
31	25	31.19137850674716	24.888377260358144	24576	19759	0
32	25	32.066381281072445	24.900320948911517	25207	19767	0
2	26	2.0143169056285513	26.05922632110253	3547	20611	0
3	26	2.7682723999023438	26.03614268785112	4088	20595	0
4	26	4.009267633611506	25.97298981741573	4981	20546	0
5	26	4.935310363769531	25.951851079705055	5652	20537	0
6	26	6.025710365988991	25.88386203037219	6439	20488	0
7	26	6.965583801269531	25.962318951896066	7111	20546	0
8	26	7.863497647372159	25.943385709269663	7758	20529	0
9	26	9.02550021084872	25.947999692766853	8602	20529	0
10	26	9.852380925958807	25.8960663184691	9200	20496	0
11	26	10.840449940074574	25.906619228405898	9904	20505	0
12	26	12.037938898259943	26.024522691362357	10772	20586	0
13	26	13.114403464577414	26.00354031337781	11551	20570	0
14	26	13.995728926225143	26.045302076018256	12182	20603	0
15	26	15.180197975852273	25.949911670470506	13033	20529	0
16	26	16.042803677645598	25.88456976386938	13656	20488	0
17	26	17.1563027121804	25.834490761060394	14459	20447	0
18	26	18.071422230113637	25.899816208742976	15122	20496	0
19	26	19.13110212846236	25.934796896945222	15884	20521	0
20	26	20.059430209073152	25.910596800386234	16556	20505	0
21	26	20.989574085582387	25.871336793363763	17228	20472	0
22	26	21.939150723544035	25.85454046699438	17908	20464	0
23	26	23.177595658735797	25.989920558286517	18801	20562	0
24	26	24.203929554332387	25.965747893258428	19538	20546	0
25	26	25.00975730202415	25.94342411341292	20120	20529	0
26	26	26.19024658203125	25.933537789676965	20972	20521	0
27	26	27.21326515891335	25.886481741573032	21709	20488	0
28	26	28.21713811700994	25.80964602352528	22438	20431	0
29	26	29.21529041637074	25.879393433988763	23151	20480	0
30	26	30.165008544921875	25.871273700842696	23839	20472	0
31	26	31.17995938387784	25.872513606039323	24568	20480	0
32	26	32.09805020419034	25.861809822682584	25231	20472	0
2	27	1.9934505115855823	27.061437302492976	3531	21340	0
3	27	2.779963406649503	27.0349274710323	4096	21324	0
4	27	3.9600289084694604	27.010601189431178	4948	21307	0
5	27	4.950746016068892	26.989226540554775	5661	21291	0
6	27	6.039461309259588	26.884001931179775	6447	21217	0
7	27	6.898205150257457	26.958876294768256	7070	21266	0
8	27	7.983075228604403	26.980711793363763	7848	21283	0
9	27	8.957597212357955	26.966340414325842	8552	21275	0
10	27	9.901336669921875	26.9091950491573	9232	21234	0
11	27	10.799686778675426	26.909422730863763	9880	21234	0
12	27	12.07032637162642	27.022369316186797	10797	21316	0
13	27	13.138803655450994	27.00226200403792	11567	21299	0
14	27	13.850173950195312	26.9880524710323	12075	21291	0
16	27	16.108828457919035	26.925969430301965	13705	21242	0
17	27	17.19931307705966	26.800985889220506	14492	21152	0
18	27	18.08177323774858	26.900353866748596	15131	21225	0
19	27	19.00451521439986	26.956242867801965	15794	21266	0
20	27	20.113168889825996	26.92174771769663	16589	21242	0
21	27	20.970481178977273	26.888750329178368	17211	21217	0
22	27	21.905256791548297	26.875179950842696	17883	21209	0
23	27	23.153575550426137	26.989171677492976	18784	21291	0
24	27	24.243166836825285	26.953598468223312	19571	21266	0
25	27	24.972842129794035	26.933976694171346	20095	21250	0
26	27	26.202264959161933	26.92119085761938	20980	21242	0
27	27	27.216785777698863	26.84283817591292	21717	21185	0
28	27	28.22646817294034	26.786650171172752	22438	21144	0
29	27	29.18788008256392	26.88284980688202	23134	21209	0
30	27	30.231251109730113	26.89608826369382	23888	21225	0
31	27	31.14077203924006	26.88261663886938	24543	21209	0
32	27	32.09232954545455	26.85819983321629	25231	21193	0
2	28	1.9461212158203125	28.076659058988763	3498	22086	0
3	28	2.8028640747070312	28.049512816011234	4112	22061	0
4	28	3.9634815562855112	28.02089349982444	4948	22045	0
5	28	4.955207824707031	27.970125965589887	5669	22004	0
6	28	6.08582236550071	27.898244382022472	6480	21955	0
7	28	6.862220070578835	27.952904450491573	7037	21996	0
8	28	8.059697931463068	27.99616946102528	7905	22028	0
9	28	8.871023004705256	27.988557211200842	8487	22020	0
10	28	9.924373279918324	27.949470022823032	9249	21987	0
11	28	10.807065096768467	27.9441071585323	9888	21987	0
12	28	12.093136874112217	28.045030503862357	10813	22061	0
13	28	13.037657304243607	28.027103998419943	11493	22045	0
14	28	13.997295032848012	27.995077686095506	12182	22020	0
15	28	15.023842551491477	27.984080385358144	12927	22012	0
16	28	16.11141551624645	27.881053041608144	13705	21938	0
17	28	17.212901722301137	27.85040379213483	14500	21922	0
18	28	18.011566162109375	27.93004301264045	15081	21979	0
19	28	19.13949030095881	27.945731105161517	15892	21987	0
20	28	19.984792535955254	27.92684449613764	16499	21971	0
21	28	21.080996426669035	27.888017907303368	17293	21946	0
22	28	21.932167746803977	27.877415620610954	17908	21938	0
24	28	24.146229137073863	27.96273865431882	19497	22004	0
25	28	25.034942626953125	27.941342060217696	20144	21987	0
26	28	26.162841796875	27.946995698735954	20955	21987	0
27	28	27.223255504261363	27.90870402475421	21717	21963	0
28	28	28.31025557084517	27.806134787570222	22503	21889	0
29	28	29.17043789950284	27.882805916432584	23118	21938	0
30	28	30.18885109641335	27.911795558286517	23855	21963	0
31	28	31.22580233487216	27.876869733146066	24601	21938	0
32	28	32.06341830166903	27.845345417837077	25207	21914	0
2	29	2.0640522349964487	29.0896698340941	3580	22823	0
3	29	2.754842931574041	29.063969232794943	4080	22807	0
4	29	3.9462203979492188	28.971782830056178	4940	22733	0
5	29	5.0249550559303975	28.87707272647472	5718	22667	0
6	29	5.996769991787997	28.875906886411517	6414	22667	0
7	29	7.009301619096235	28.937764988588484	7143	22708	0
8	29	7.942232305353338	29.00250065835674	7815	22757	0
9	29	9.03502030806108	29.014885994557584	8610	22766	0
10	29	9.878714821555398	28.976769882373596	9216	22741	0
11	29	10.821388938210227	28.91488983497191	9896	22692	0
13	29	13.103734796697443	29.019151597612357	11543	22774	0
14	29	13.91798955743963	28.988491375526685	12124	22749	0
15	29	15.106436989524148	28.95926582250702	12984	22725	0
16	29	16.115090110085227	28.879308396242976	13713	22667	0
17	29	17.123789007013496	28.886426878511234	14434	22675	0
18	29	18.049401023171164	28.931993394487357	15106	22708	0
19	29	19.103573885830965	28.925003840414323	15868	22700	0
20	29	20.041607943448152	28.914461903089887	16540	22692	0
21	29	20.99404352361506	28.852296567766853	17228	22651	0
22	29	21.93686190518466	28.835552361306178	17908	22634	0
24	29	24.16257268732244	28.972608519136234	19513	22733	0
25	29	25.075164794921875	28.956706460674155	20169	22725	0
26	29	26.16237293590199	29.021724675210674	20955	22774	0
27	29	27.2277138449929	28.88965831285112	21725	22675	0
28	29	28.236200506036933	28.86557068556882	22446	22659	0
29	29	29.13629150390625	28.954503708742976	23093	22725	0
30	29	30.22566084428267	28.903837671172752	23880	22684	0
31	29	31.165016867897727	28.894724916608144	24560	22684	0
32	29	32.02217518199574	28.85160255003511	25174	22651	0
2	30	2.0262752879749644	30.066800166783707	3555	23536	0
3	30	2.8449797196821733	30.04842104108146	4145	23519	0
4	30	3.9244495738636362	30.0347381934691	4923	23511	0
5	30	4.999469410289418	29.934454002808987	5693	23437	0
6	30	6.000905123623935	30.013657061973312	6423	23495	0
7	30	6.975924405184659	30.00714207338483	7119	23495	0
8	30	7.982229752974077	30.01957130003511	7848	23503	0
9	30	8.935688365589488	29.983081877633428	8536	23470	0
10	30	9.976459849964488	29.927703103054775	9282	23429	0
11	30	10.792653864080256	29.98197913009129	9871	23470	0
12	30	12.110587380149148	30.01615333128511	10822	23495	0
13	30	13.101978648792613	29.991838022296346	11534	23478	0
14	30	13.889475042169744	29.997423081987357	12108	23486	0
15	30	15.093727805397727	29.979348446278088	12976	23470	0
16	30	16.159244884144176	29.868086156952245	13746	23388	0
17	30	17.224301424893465	29.800431772296346	14508	23339	0
18	30	18.00753368030895	29.92071629213483	15073	23429	0
19	30	19.172411831942473	29.938184691011234	15917	23437	0
20	30	20.05917080965909	29.928945751404495	16556	23437	0
21	30	20.97250088778409	29.875520101825842	17211	23396	0
22	30	21.96113447709517	29.839494272296346	17924	23372	0
24	30	24.21029940518466	29.969171348314607	19546	23462	0
25	30	25.02287431196733	29.94784607619382	20136	23446	0
26	30	26.25856989080256	29.909282830056178	21021	23421	0
28	30	28.23214999112216	29.777910485428368	22446	23323	0
29	30	29.1586220481179	29.801674420646066	23110	23339	0
30	30	30.24939797141335	29.853753182057584	23896	23380	0
31	30	31.1726767800071	29.890569039676965	24568	23405	0
32	30	32.10738858309659	29.839049881495786	25240	23372	0
2	31	2.0661815296519888	31.095894048455055	3580	24281	0
3	31	2.784583005038175	31.07774809076545	4104	24273	0
4	31	3.9689081365411933	31.0484375	4956	24248	0
5	31	5.004182988947088	31.03809581285112	5702	24240	0
6	31	6.001707597212358	31.043807057584267	6423	24248	0
7	31	6.982229752974077	31.024676307935394	7127	24232	0
8	31	8.01005692915483	31.025551373771066	7864	24232	0
9	31	8.982011274857955	30.99447693556882	8569	24207	0
10	31	9.82069258256392	30.95926856566011	9175	24183	0
11	31	10.869301535866477	30.927201106039323	9929	24158	0
13	31	13.137487238103693	31.026549881495786	11567	24232	0
14	31	13.907900723544033	31.015275522296346	12116	24224	0
15	31	15.10268194025213	30.98392402563202	12984	24199	0
16	31	16.08602627840909	30.956950601299155	13689	24183	0
17	31	17.125621448863637	30.96683143872893	14442	24191	0
18	31	18.11673528497869	30.964376316713484	15155	24191	0
19	31	19.0873066295277	30.966222458742976	15852	24191	0
20	31	20.08388311212713	30.930599872717696	16572	24166	0
21	31	20.99202381480824	30.900625438904495	17228	24142	0
22	31	22.02078801935369	30.877130332689607	17965	24125	0
23	31	23.16781061345881	30.998690418714887	18792	24216	0
24	31	24.2218017578125	30.98465644750702	19554	24207	0
25	31	25.08259443803267	30.96610998946629	20177	24191	0
26	31	26.161651611328125	30.95514560656601	20955	24183	0
27	31	27.25861982865767	30.84358705670646	21742	24101	0
28	31	28.235190651633523	30.7946930960323	22446	24068	0
29	31	29.22172130237926	30.902446892556178	23159	24142	0
30	31	30.229198109019887	30.92122377545646	23888	24158	0
31	31	31.1707763671875	30.906657632549155	24568	24150	0
32	31	32.09846635298295	30.86482729108146	25231	24117	0
2	32	2.062202800403942	32.08945861130618	3580	25010	0
3	32	2.821812716397372	32.06039216116573	4129	24986	0
4	32	3.960974259810014	32.05278265449438	4948	24986	0
5	32	5.030045249245384	32.04749111218399	5718	24977	0
6	32	5.99096055464311	32.05121357092697	6414	24977	0
7	32	6.979229320179332	32.03802997717697	7127	24969	0
8	32	7.996948935768821	32.04035068469101	7856	24969	0
9	32	9.00718966397372	32.00786077949438	8585	24953	0
10	32	9.832613858309658	31.96271945224719	9183	24920	0
12	32	12.148431951349432	32.05191307496489	10854	24986	0
13	32	13.15913113680753	32.02630574087078	11583	24961	0
14	32	13.883417302911932	32.00642062412219	12100	24945	0
15	32	15.133947199041193	31.988228032830055	13001	24936	0
16	32	16.06630914861506	31.921133251404495	13672	24887	0
17	32	17.1185302734375	31.959907720330055	14434	24912	0
18	32	18.10664783824574	31.969588307584267	15147	24920	0
19	32	19.113880504261363	31.94951117011938	15876	24904	0
20	32	20.038815585049715	31.946035595154495	16540	24904	0
21	32	20.957830255681817	31.90365387991573	17203	24871	0
22	32	21.97562200372869	31.890533378686797	17932	24863	0
23	32	23.221954345703125	31.999883690308987	18833	24945	0
24	32	24.19411676580256	32.01058473051264	19538	24953	0
25	32	25.10958307439631	31.97978460761938	20193	24928	0
26	32	26.194663307883523	31.980500570575842	20980	24928	0
27	32	27.18196522105824	31.94933012201545	21692	24904	0
28	32	28.311825838955965	31.956753094276685	22503	24912	0
29	32	29.12318281693892	31.95240519662921	23085	24912	0
30	32	30.287112149325285	31.943791695926965	23929	24904	0
31	32	31.15543157404119	31.936308374297752	24551	24895	0
32	32	32.087732488458805	31.874499648876405	25223	24855	0
2	33	2.006506833163175	33.10398635007022	3539	25747	0
3	33	2.828436418013139	33.092539172226125	4129	25739	0
4	33	4.0021840875799	33.09145836990871	4981	25739	0
5	33	5.020085421475497	33.07248946629213	5710	25723	0
6	33	6.011038346724077	33.0631133690309	6423	25723	0
7	33	6.982259576970881	33.05844177931882	7127	25715	0
8	33	8.028091430664062	33.0621889264396	7881	25715	0
9	33	8.981783780184658	33.02785836551966	8569	25690	0
10	33	9.866098577325994	33.015793978230334	9208	25682	0
11	33	10.886333118785512	32.998158247015446	9937	25674	0
12	33	12.097525856711648	33.05877370084269	10813	25715	0
13	33	13.094901344992898	33.053833282127805	11534	25715	0
14	33	13.945958917791193	33.02396034497893	12149	25690	0
15	33	15.140131170099432	33.028579814782304	13009	25690	0
16	33	16.039378773082387	32.98662603142556	13656	25666	0
17	33	17.193348277698863	32.97617736130618	14492	25657	0
18	33	18.01439597389915	32.97444368855337	15081	25657	0
19	33	19.191045587713067	32.980475882198036	15925	25657	0
20	33	20.089983853426848	32.9598940045646	16572	25641	0
21	33	20.995838512073863	32.93177394224017	17228	25625	0
22	33	22.046017733487215	32.908056640625	17990	25608	0
23	33	23.194940740411933	33.022717696629215	18817	25690	0
24	33	24.285528009588067	33.00462111569522	19603	25674	0
25	33	25.015858043323863	32.99593080670646	20128	25674	0
26	33	26.221024946732953	32.97334368416433	20996	25657	0
27	33	27.239796031605113	32.967640668890446	21733	25649	0
28	33	28.266684792258523	32.974616507198036	22471	25657	0
29	33	29.202797629616477	32.971596295646066	23142	25649	0
30	33	30.207400235262785	32.96815912482444	23871	25649	0
31	33	31.266801313920453	32.92854250790028	24633	25625	0
32	33	32.03969227183949	32.908314497015446	25190	25608	0
3	34	2.527176250110973	34.1058654099368	3916	26477	0
4	34	4.01443828235973	34.04693150895365	4989	26436	0
5	34	5.000573591752485	34.05967619820927	5702	26444	0
6	34	6.033398021351207	34.073306925912924	6439	26452	0
7	34	6.991515419699929	34.05190210235253	7135	26444	0
8	34	8.011777010830967	34.05212978405899	7873	26444	0
9	34	8.981259432705967	34.02617955582865	8569	26419	0
10	34	9.86671309037642	34.01036253511236	9208	26411	0
11	34	10.886005748401988	33.987671172752805	9937	26395	0
12	34	12.119029651988637	34.06663557759831	10830	26452	0
13	34	13.17515009099787	34.05703454178371	11592	26444	0
14	34	13.891970547762783	34.048700842696626	12108	26436	0
15	34	15.144719904119318	34.0216615826896	13009	26419	0
16	34	16.12149602716619	34.0256226957514	13713	26419	0
17	34	17.11343938654119	34.004322112008424	14426	26403	0
18	34	18.15380165793679	33.98318063114466	15180	26386	0
19	34	19.11312588778409	33.994260226474715	15868	26395	0
20	34	20.108718872070312	33.97124242889747	16589	26378	0
21	34	21.010270552201703	33.950158554248596	17236	26362	0
22	34	21.982666015625	33.9068085059691	17940	26337	0
23	34	23.225907759232953	34.00715578915028	18833	26411	0
24	34	24.292291814630683	33.98719386411517	19603	26395	0
25	34	25.129025545987215	33.981361920646066	20210	26386	0
27	34	27.149608265269887	33.96194039676966	21668	26378	0
28	34	28.27155928178267	33.95700820751404	22471	26370	0
29	34	29.187333540482953	33.94895156688904	23134	26362	0
30	34	30.27708573774858	33.944696936446626	23921	26362	0
31	34	31.169244939630683	33.92710235252809	24560	26345	0
32	34	32.12759121981534	33.89813739905197	25256	26329	0